Date,GESHIP.NS,HDFCBANK.NS,ICICIBANK.NS,INDUSINDBK.NS,SHRIRAMFIN.NS,SOMANYCERA.NS
2019-01-01,240.85092163085938,496.1858215332031,348.0230407714844,1530.2965087890625,213.6362762451172,310.6947021484375
2019-01-02,245.1416473388672,491.65850830078125,348.8362731933594,1512.0740966796875,207.6688690185547,317.7120056152344
2019-01-03,243.45599365234375,487.801025390625,347.54461669921875,1496.24951171875,200.28562927246094,337.53961181640625
2019-01-04,244.75848388671875,489.1060485839844,349.4103088378906,1484.8363037109375,201.9794464111328,339.2821350097656
2019-01-07,236.98171997070312,489.84521484375,351.80224609375,1495.33837890625,204.35076904296875,346.3465881347656
2019-01-08,241.54055786132812,485.7682800292969,363.71392822265625,1513.177001953125,207.20852661132812,340.1769714355469
2019-01-09,243.2261505126953,488.9559326171875,365.7231750488281,1536.19482421875,210.19656372070312,345.4518127441406
2019-01-10,248.9726104736328,487.0387268066406,363.0920715332031,1501.81201171875,206.09669494628906,342.3905029296875
2019-01-11,245.90780639648438,487.82403564453125,362.18310546875,1453.1390380859375,206.6786651611328,344.18011474609375
2019-01-14,241.6938018798828,485.4564514160156,357.2079772949219,1423.31201171875,203.09130859375,343.4266662597656
2019-01-15,242.07693481445312,490.1339111328125,356.6338806152344,1434.0057373046875,206.4180450439453,346.8646545410156
2019-01-16,233.72543334960938,489.74127197265625,359.0736083984375,1464.2164306640625,206.4180450439453,340.5538024902344
2019-01-17,236.40708923339844,492.5362854003906,358.4039306640625,1460.6678466796875,199.69497680664062,345.82855224609375
2019-01-18,234.4532928466797,492.0627746582031,355.9162902832031,1454.8177490234375,197.31495666503906,337.8692626953125
2019-01-21,237.9011688232422,496.19744873046875,355.6293029785156,1445.898193359375,193.64938354492188,327.17840576171875
2019-01-22,228.24722290039062,493.3562927246094,353.09381103515625,1440.1436767578125,190.42684936523438,346.9117431640625
2019-01-23,222.7306365966797,486.3226013183594,351.5152282714844,1433.8135986328125,189.01966857910156,333.11248779296875
2019-01-24,222.99879455566406,485.5950927734375,349.027587890625,1429.30615234375,193.62335205078125,329.90997314453125
2019-01-25,222.11773681640625,484.1513977050781,341.7562255859375,1424.127197265625,194.59620666503906,324.11712646484375
2019-01-28,217.32901000976562,481.4140625,328.69635009765625,1384.61328125,183.3997344970703,318.98358154296875
2019-01-29,215.18368530273438,475.2814636230469,331.85369873046875,1402.0205078125,178.34437561035156,317.05267333984375
2019-01-30,231.58009338378906,469.9918212890625,350.0800476074219,1415.6873779296875,176.2770233154297,318.0416564941406
2019-01-31,231.96319580078125,480.4439697265625,348.6927490234375,1443.93212890625,176.3899688720703,319.4545593261719
2019-02-01,230.2010040283203,482.86944580078125,339.31646728515625,1453.1390380859375,181.90573120117188,325.10614013671875
2019-02-04,229.93283081054688,486.20709228515625,339.2207336425781,1443.0689697265625,178.02297973632812,317.33526611328125
2019-02-05,224.2246856689453,488.3207702636719,337.4029235839844,1478.650390625,185.55386352539062,321.1971130371094
2019-02-06,229.6263427734375,490.3070983886719,343.765380859375,1463.5931396484375,185.55386352539062,325.15325927734375
2019-02-07,232.3080291748047,489.0598449707031,343.14349365234375,1452.947265625,191.2433319091797,327.17840576171875
2019-02-08,227.25119018554688,490.3070983886719,339.7470397949219,1437.6982421875,186.1619415283203,329.8157958984375
2019-02-11,217.55885314941406,494.2339782714844,334.91534423828125,1449.1591796875,183.49526977539062,316.6287841796875
2019-02-12,215.2986297607422,491.9356689453125,329.4139099121094,1435.923583984375,181.13265991210938,296.84832763671875
2019-02-14,209.39903259277344,487.4313659667969,329.0790710449219,1455.3929443359375,181.8709716796875,304.6192321777344
2019-02-15,200.28138732910156,485.2254333496094,327.35687255859375,1447.720458984375,174.07080078125,298.1669921875
2019-02-18,198.9788055419922,482.7423095703125,324.1039123535156,1454.913330078125,174.2271728515625,288.32391357421875
2019-02-19,206.10435485839844,481.3910827636719,328.4093322753906,1419.9073486328125,173.8883819580078,292.18585205078125
2019-02-20,209.8587188720703,487.0041198730469,330.2750549316406,1420.195068359375,182.583251953125,292.04443359375
2019-02-21,215.7200164794922,488.74798583984375,336.1112976074219,1411.32373046875,183.3649444580078,299.5328674316406
2019-02-22,215.14537048339844,483.100341796875,336.828857421875,1402.9317626953125,186.54412841796875,299.95672607421875
2019-02-25,214.18763732910156,490.94244384765625,340.2254333496094,1430.1693115234375,190.97406005859375,301.4637451171875
2019-02-26,210.39501953125,487.5352783203125,333.14532470703125,1417.60546875,196.2552490234375,306.17340087890625
2019-02-27,208.44125366210938,483.28509521484375,330.60986328125,1416.2626953125,196.1249542236328,305.2314453125
2019-02-28,205.98944091796875,479.8896484375,335.0110168457031,1413.529296875,198.4354705810547,306.5501708984375
2019-03-01,213.2299041748047,481.22943115234375,338.9338073730469,1452.132080078125,201.501708984375,314.839111328125
2019-03-05,216.86929321289062,486.7153625488281,347.54461669921875,1478.506591796875,213.47122192382812,339.51763916015625
2019-03-06,219.39772033691406,486.0570373535156,355.8684997558594,1472.032958984375,215.49510192871094,338.8111572265625
2019-03-07,219.12962341308594,491.19647216796875,354.7681884765625,1468.5802001953125,213.52337646484375,343.8505554199219
2019-03-08,220.7385711669922,491.5891418457031,354.5768737792969,1455.87255859375,212.011962890625,343.80340576171875
2019-03-11,225.29739379882812,491.64697265625,359.5998840332031,1452.611572265625,218.7958526611328,346.5821228027344
2019-03-12,231.61839294433594,501.47540283203125,371.4158630371094,1504.8331298828125,221.0542755126953,364.1960754394531
2019-03-13,225.68045043945312,514.3069458007812,374.9559020996094,1569.3787841796875,222.41798400878906,363.4425964355469
2019-03-14,221.31320190429688,513.8911743164062,371.1288757324219,1613.831787109375,216.5982666015625,362.5477294921875
2019-03-15,218.05690002441406,520.4165649414062,378.2088928222656,1633.540771484375,220.12481689453125,358.8271179199219
2019-03-18,224.5311279296875,522.368408203125,380.84002685546875,1645.5772705078125,215.06082153320312,362.64190673828125
2019-03-19,222.19432067871094,523.8235473632812,381.17486572265625,1654.5924072265625,212.0988311767578,365.04388427734375
2019-03-20,219.43603515625,531.0418701171875,375.9126892089844,1643.275390625,209.640625,370.6483459472656
2019-03-22,220.1256561279297,525.763916015625,374.8602294921875,1629.0809326171875,208.2161102294922,368.01092529296875
2019-03-25,217.98025512695312,526.9534912109375,366.91912841796875,1614.647216796875,208.41587829589844,368.95281982421875
2019-03-26,214.5707550048828,533.8947143554688,377.0608215332031,1644.4742431640625,209.18026733398438,374.1805419921875
2019-03-27,215.4135284423828,531.1458740234375,376.19976806640625,1730.4071044921875,216.40716552734375,385.2952880859375
2019-03-28,217.86534118652344,531.9197387695312,383.2319030761719,1746.567626953125,222.0618438720703,393.0191345214844
2019-04-01,218.3633575439453,533.9985961914062,381.03143310546875,1671.7119140625,214.73074340820312,389.39263916015625
2019-04-02,223.07540893554688,530.0833740234375,379.9789123535156,1701.9227294921875,208.15533447265625,393.7255554199219
2019-04-03,218.976318359375,529.5983276367188,375.14727783203125,1701.0115966796875,208.19874572753906,393.9610595703125
2019-04-04,219.39772033691406,527.5655517578125,371.942138671875,1665.09423828125,209.8577880859375,390.9468688964844
2019-04-05,222.80722045898438,532.5664672851562,373.6642761230469,1695.5926513671875,212.5852508544922,410.2092590332031
2019-04-08,220.31715393066406,528.8243408203125,370.36346435546875,1679.33642578125,215.72096252441406,428.1058654785156
2019-04-09,230.16268920898438,528.3278198242188,379.9789123535156,1694.777587890625,212.45494079589844,414.73046875
2019-04-10,232.00144958496094,516.8015747070312,377.156494140625,1675.9317626953125,207.9294891357422,409.22027587890625
2019-04-11,230.277587890625,521.4559326171875,373.1859130859375,1669.4100341796875,210.16180419921875,396.78680419921875
2019-04-12,228.1322784423828,523.24609375,377.5392150878906,1665.717529296875,212.8197784423828,396.78680419921875
2019-04-15,226.9829864501953,528.6859130859375,375.7691650390625,1677.322265625,212.1074981689453,398.0583801269531
2019-04-16,230.73736572265625,532.4393920898438,389.403076171875,1740.8609619140625,213.6102294921875,398.7177734375
2019-04-18,223.22866821289062,529.80615234375,386.91546630859375,1692.0921630859375,211.18678283691406,390.0990905761719
2019-04-22,221.00672912597656,524.0430297851562,377.4434814453125,1621.7919921875,202.98699951171875,388.4978942871094
2019-04-23,222.11773681640625,518.6378784179688,379.3570556640625,1583.764892578125,202.55274963378906,381.4804382324219
2019-04-24,219.43603515625,526.5953979492188,383.7581481933594,1629.7044677734375,204.81982421875,376.6295471191406
2019-04-25,218.82308959960938,522.8303833007812,378.3045959472656,1614.551025390625,200.32037353515625,383.7410888671875
2019-04-26,216.9459228515625,526.8726806640625,389.59442138671875,1629.32080078125,197.26287841796875,383.0817565917969
2019-04-30,221.27488708496094,535.3036499023438,389.88140869140625,1540.75048828125,192.99794006347656,400.6957702636719
2019-05-02,222.80722045898438,544.1621704101562,378.4481201171875,1497.400390625,189.84486389160156,405.0757141113281
2019-05-03,215.4135284423828,546.9685668945312,384.4278869628906,1492.8927001953125,187.5604248046875,399.65966796875
2019-05-06,213.61300659179688,537.8445434570312,383.9494934082031,1465.7030029296875,183.9469757080078,390.664306640625
2019-05-07,212.3488006591797,536.435546875,369.7893981933594,1453.7626953125,177.71896362304688,380.82110595703125
2019-05-08,205.60633850097656,532.9476318359375,365.67529296875,1427.819580078125,178.4573211669922,363.6309509277344
2019-05-09,207.0238037109375,529.1708374023438,364.9098815917969,1416.118896484375,179.46490478515625,355.3420104980469
2019-05-10,203.231201171875,530.4645385742188,368.44989013671875,1380.968994140625,177.01536560058594,358.73297119140625
2019-05-13,196.2971649169922,528.3162231445312,360.0303649902344,1336.276123046875,171.56045532226562,351.715576171875
2019-05-14,187.06460571289062,528.4779663085938,363.953125,1374.0635986328125,176.9285430908203,346.29949951171875
2019-05-15,186.98797607421875,528.2008666992188,360.7479553222656,1322.5615234375,177.19776916503906,343.614990234375
2019-05-16,187.21786499023438,533.7329711914062,365.9623107910156,1302.6126708984375,174.14024353027344,345.02789306640625
2019-05-17,184.91928100585938,545.6173706054688,372.8510437011719,1317.3345947265625,179.4214630126953,345.3105163574219
2019-05-20,190.4358673095703,561.8442993164062,390.07281494140625,1433.4781494140625,190.65267944335938,350.82073974609375
2019-05-21,190.97216796875,555.2264404296875,382.8492126464844,1388.497802734375,188.6722412109375,343.80340576171875
2019-05-22,192.35133361816406,555.699951171875,387.82440185546875,1456.735595703125,184.98060607910156,358.16778564453125
2019-05-23,194.611572265625,538.687744140625,393.08660888671875,1533.3175048828125,184.8242645263672,363.8193359375
2019-05-24,198.48080444335938,548.2159423828125,413.08294677734375,1581.4151611328125,192.41598510742188,399.2829284667969
2019-05-27,209.24574279785156,556.3005981445312,416.6708679199219,1546.7926025390625,197.7406005859375,425.42138671875
2019-05-28,212.65525817871094,558.1138305664062,415.5227355957031,1553.3623046875,197.32362365722656,405.3112487792969
2019-05-29,216.79270935058594,558.2755737304688,404.998291015625,1542.8125,192.73733520507812,416.4730529785156
2019-05-30,214.2642822265625,563.50732421875,407.77294921875,1521.9527587890625,195.91651916503906,414.6363220214844
2019-05-31,214.76226806640625,560.2273559570312,405.38104248046875,1539.6474609375,202.26608276367188,414.9189147949219
2019-06-03,215.2220001220703,567.5610961914062,404.6156311035156,1594.6025390625,203.17811584472656,418.5924072265625
2019-06-04,213.19161987304688,566.452392578125,400.97991943359375,1570.9613037109375,202.4571533203125,410.58599853515625
2019-06-06,209.39903259277344,559.765380859375,393.7563781738281,1460.3323974609375,185.1022186279297,402.2970886230469
2019-06-07,206.83224487304688,565.3783569335938,398.5880432128906,1488.6727294921875,189.8101348876953,404.5106201171875
2019-06-10,207.36859130859375,563.6575317382812,398.1096496582031,1488.145263671875,186.93495178222656,398.67071533203125
2019-06-11,207.52183532714844,565.551513671875,403.1326599121094,1525.5009765625,192.7981719970703,402.9093017578125
2019-06-12,205.75961303710938,560.6199951171875,399.9274597167969,1505.6004638671875,185.57127380371094,409.173095703125
2019-06-13,202.54159545898438,564.6969604492188,401.4583435058594,1427.91552734375,188.29000854492188,400.78997802734375
2019-06-14,209.43728637695312,562.4794921875,399.6882629394531,1368.4051513671875,188.4811248779297,402.1557922363281
2019-06-17,206.2959442138672,559.4535522460938,396.2917785644531,1342.3663330078125,176.8416748046875,399.56549072265625
2019-06-18,205.3382110595703,558.3563232421875,403.8980712890625,1351.3336181640625,182.5745086669922,403.3802795410156
2019-06-19,203.8824005126953,560.9203491210938,401.6496276855469,1324.815185546875,185.8624267578125,404.60479736328125
2019-06-20,204.30386352539062,563.9417724609375,414.66162109375,1376.844970703125,191.43263244628906,392.5952453613281
2019-06-21,204.15061950683594,561.1178588867188,412.1740417480469,1389.36083984375,192.09719848632812,390.71136474609375
2019-06-24,203.8441162109375,561.9894409179688,410.8824157714844,1401.73291015625,194.86045837402344,386.614013671875
2019-06-25,203.00135803222656,564.4879760742188,414.9008483886719,1390.31982421875,195.69117736816406,391.79461669921875
2019-06-26,202.96298217773438,573.5989990234375,419.6846618652344,1376.07763671875,192.3070526123047,403.8983459472656
2019-06-27,202.73312377929688,572.29736328125,421.88525390625,1390.8472900390625,192.1409149169922,414.4479064941406
2019-06-28,202.5032958984375,567.9860229492188,418.20166015625,1352.772216796875,188.9579315185547,415.3427734375
2019-07-01,204.1122589111328,577.7013549804688,420.0195617675781,1374.9268798828125,184.4458465576172,414.1182556152344
2019-07-02,207.63670349121094,579.897705078125,417.8668212890625,1358.5745849609375,186.73687744140625,415.0130920410156
2019-07-03,206.2576141357422,578.6542358398438,417.1014099121094,1410.412353515625,189.75369262695312,414.0240478515625
2019-07-04,210.39501953125,577.2945556640625,417.340576171875,1431.9915771484375,185.87994384765625,414.68341064453125
2019-07-05,204.30386352539062,574.6448974609375,417.484130859375,1469.8270263671875,188.44203186035156,414.4479064941406
2019-07-08,193.61549377441406,560.0487060546875,407.48590087890625,1416.071044921875,180.58084106445312,403.8983459472656
2019-07-09,190.3592529296875,552.9713745117188,409.9735107421875,1431.032470703125,184.05233764648438,403.662841796875
2019-07-10,184.7660675048828,555.2026977539062,412.26971435546875,1426.381103515625,180.86936950683594,396.3157958984375
2019-07-11,188.0606689453125,559.4791870117188,408.1077880859375,1478.1710205078125,182.5045928955078,393.3016357421875
2019-07-12,195.49267578125,556.3997192382812,408.586181640625,1447.720458984375,182.95928955078125,398.8118896484375
2019-07-15,192.5811767578125,556.59716796875,404.0415954589844,1414.728271484375,185.0404510498047,400.36614990234375
2019-07-16,191.2020263671875,555.7720336914062,406.24212646484375,1412.906005859375,189.60507202148438,395.8448181152344
2019-07-17,199.82164001464844,557.2246704101562,406.3377990722656,1439.80810546875,189.60507202148438,400.4603271484375
2019-07-18,197.9061737060547,560.583251953125,400.5493469238281,1411.2276611328125,183.8074951171875,400.4603271484375
2019-07-19,198.86390686035156,552.1578369140625,392.56036376953125,1363.9453125,185.6613311767578,397.2577819824219
2019-07-22,191.66172790527344,533.9359130859375,394.67041015625,1360.3489990234375,181.5776824951172,397.6816101074219
2019-07-23,189.63133239746094,526.0916748046875,395.1020202636719,1358.766357421875,171.53036499023438,393.9139404296875
2019-07-24,182.88893127441406,530.1357421875,391.7930908203125,1306.2572021484375,161.832763671875,355.6717224121094
2019-07-25,183.5018768310547,531.3327026367188,392.2726745605469,1334.69384765625,172.5009765625,358.5445556640625
2019-07-26,185.49392700195312,529.2991333007812,398.7466125488281,1357.567626953125,170.7083740234375,363.20709228515625
2019-07-29,183.6934356689453,521.6290283203125,411.7903747558594,1373.679931640625,169.195556640625,353.74072265625
2019-07-30,183.46353149414062,523.4767456054688,407.9539794921875,1282.568115234375,169.4666748046875,339.4705505371094
2019-07-31,184.4041748046875,523.3373413085938,407.234619140625,1355.0260009765625,169.5103759765625,333.01837158203125
2019-08-01,185.14881896972656,517.5487670898438,399.9933776855469,1341.4073486328125,169.17811584472656,320.2299499511719
2019-08-02,178.72116088867188,515.8133544921875,393.8072204589844,1326.3017578125,171.119384765625,315.9671936035156
2019-08-05,170.13784790039062,507.6371154785156,386.1823425292969,1331.384765625,169.73776245117188,303.51031494140625
2019-08-06,178.5251922607422,509.9316711425781,393.47149658203125,1359.1019287109375,171.95008850097656,302.3736572265625
2019-08-07,186.0111083984375,508.74359130859375,391.6971740722656,1367.9735107421875,174.51219177246094,305.59442138671875
2019-08-08,180.64163208007812,520.1925048828125,397.4517822265625,1363.345703125,175.33416748046875,298.4897766113281
2019-08-09,177.8197021484375,531.57177734375,402.9666442871094,1362.7191162109375,182.25978088378906,304.64715576171875
2019-08-13,180.7984161376953,517.2109985351562,393.47149658203125,1324.201416015625,172.71083068847656,291.8587646484375
2019-08-14,183.77713012695312,519.3307495117188,400.2331848144531,1350.618896484375,182.15478515625,287.359130859375
2019-08-16,185.14881896972656,518.9230346679688,401.8157043457031,1387.4974365234375,180.51087951660156,281.7701721191406
2019-08-19,187.0301513671875,514.0663452148438,406.0837097167969,1390.775390625,181.918701171875,283.52264404296875
2019-08-20,189.57769775390625,517.2692260742188,399.84954833984375,1354.4755859375,179.98619079589844,276.7969055175781
2019-08-21,191.1453857421875,518.4922485351562,395.1979064941406,1318.175537109375,176.9606170654297,264.2453308105469
2019-08-22,186.16787719726562,506.43743896484375,382.7775573730469,1287.7568359375,172.53594970703125,251.26759338378906
2019-08-23,186.59898376464844,503.78179931640625,379.2288513183594,1263.5087890625,176.6983184814453,257.85113525390625
2019-08-26,186.55979919433594,525.5502319335938,394.81427001953125,1300.146240234375,178.32473754882812,271.16058349609375
2019-08-27,187.89236450195312,526.4354248046875,401.4800720214844,1336.3978271484375,178.31600952148438,294.2269592285156
2019-08-28,187.2652587890625,523.5352783203125,396.06109619140625,1316.8740234375,173.4279022216797,275.3759765625
2019-08-29,188.0883331298828,518.7484130859375,387.86077880859375,1302.1226806640625,169.14312744140625,274.5234680175781
2019-08-30,188.04916381835938,518.9813232421875,392.89605712890625,1345.7020263671875,168.96824645996094,274.2865905761719
2019-09-03,188.0883331298828,515.0213012695312,376.1117858886719,1295.7591552734375,168.39109802246094,274.3340148925781
2019-09-04,190.2047576904297,523.5935668945312,381.24298095703125,1270.35400390625,172.18618774414062,266.4241638183594
2019-09-05,189.65606689453125,520.658447265625,373.090576171875,1261.19482421875,171.399169921875,273.4340515136719
2019-09-06,192.51719665527344,523.1626586914062,375.344482421875,1283.3701171875,173.9962921142578,270.7816467285156
2019-09-09,193.5362091064453,524.0244750976562,379.27685546875,1287.1302490234375,176.49717712402344,216.64427185058594
2019-09-11,194.3592529296875,524.42041015625,378.4615783691406,1322.9481201171875,180.8781280517578,194.288330078125
2019-09-12,193.65379333496094,528.9744873046875,386.2303466796875,1340.3990478515625,181.5164794921875,197.6038360595703
2019-09-13,197.18116760253906,525.8530883789062,396.4927062988281,1348.4495849609375,184.0348358154297,197.6038360595703
2019-09-16,203.8048553466797,522.7549438476562,395.2938537597656,1326.61181640625,184.25347900390625,204.2348175048828
2019-09-17,200.27743530273438,515.114501953125,384.2641296386719,1284.816162109375,178.7445068359375,193.95675659179688
2019-09-18,195.6134796142578,509.6170654296875,383.017333984375,1282.695068359375,181.34156799316406,194.572509765625
2019-09-19,195.73101806640625,512.9597778320312,370.7887878417969,1236.2716064453125,181.14044189453125,191.2096405029297
2019-09-20,208.74317932128906,558.8724975585938,400.4250183105469,1368.6966552734375,199.61741638183594,196.08815002441406
2019-09-23,211.80023193359375,585.730712890625,428.0471496582031,1457.3494873046875,204.14703369140625,196.9407196044922
2019-09-24,211.64346313476562,584.1234130859375,422.86798095703125,1461.92919921875,203.8584442138672,191.7779998779297
2019-09-25,212.3097686767578,577.5543823242188,416.4420471191406,1449.9737548828125,194.95663452148438,184.34182739257812
2019-09-26,216.66021728515625,578.85888671875,433.46612548828125,1492.49267578125,192.77052307128906,177.99501037597656
2019-09-27,222.10806274414062,579.65087890625,430.8285217285156,1427.7020263671875,191.50257873535156,180.7895050048828
2019-09-30,219.638916015625,571.8472900390625,415.9624938964844,1333.9393310546875,187.30528259277344,179.03701782226562
2019-10-01,220.30523681640625,581.7940063476562,407.234619140625,1251.5050048828125,182.78440856933594,185.8101043701172
2019-10-03,219.4821319580078,570.0303955078125,409.8241882324219,1210.4808349609375,180.52838134765625,182.21041870117188
2019-10-04,216.4642333984375,554.2601928710938,396.9722595214844,1219.929443359375,178.31600952148438,178.98963928222656
2019-10-07,227.94778442382812,552.9558715820312,399.0823059082031,1196.549072265625,185.72256469726562,172.97439575195312
2019-10-09,229.55477905273438,572.1734619140625,418.8397521972656,1261.72509765625,196.4956512451172,168.52215576171875
2019-10-10,230.41709899902344,559.315185546875,406.3714599609375,1184.448974609375,189.21156311035156,177.1898193359375
2019-10-11,229.0060577392578,558.4998168945312,411.0231018066406,1179.3389892578125,185.50393676757812,184.24708557128906
2019-10-14,228.1830291748047,561.1088256835938,411.310791015625,1205.7564697265625,182.69696044921875,183.06297302246094
2019-10-15,227.0856170654297,569.7975463867188,414.1881103515625,1226.630126953125,183.6588592529297,180.6473846435547
2019-10-16,227.2031707763672,568.8889770507812,417.4970397949219,1228.799560546875,181.80503845214844,180.3632354736328
2019-10-17,218.81585693359375,568.3765258789062,422.5802917480469,1292.0472412109375,187.17408752441406,172.07447814941406
2019-10-18,227.28160095214844,572.5693969726562,419.8948059082031,1294.505859375,191.72120666503906,178.08973693847656
2019-10-22,238.49082946777344,577.3681030273438,432.6987609863281,1292.9150390625,195.44630432128906,179.74749755859375
2019-10-23,243.78199768066406,578.4395751953125,436.48724365234375,1284.816162109375,188.45079040527344,182.63670349121094
2019-10-24,247.740478515625,575.8772583007812,436.1515808105469,1236.994873046875,187.27029418945312,178.65811157226562
2019-10-25,234.76751708984375,572.5693969726562,449.9146728515625,1226.4375,196.77545166015625,178.1844482421875
2019-10-27,239.3138885498047,576.6226196289062,450.34625244140625,1230.87255859375,194.28329467773438,180.74215698242188
2019-10-29,232.84698486328125,578.85888671875,457.8752136230469,1268.1365966796875,200.8765869140625,177.52134704589844
2019-10-30,230.41709899902344,581.584228515625,451.8808288574219,1250.685546875,202.04830932617188,176.57408142089844
2019-10-31,235.0810089111328,573.1983642578125,444.1120910644531,1266.1119384765625,199.13645935058594,177.8529052734375
2019-11-01,231.0049285888672,577.7174682617188,443.3448181152344,1330.3719482421875,200.08956909179688,175.15313720703125
2019-11-04,229.20205688476562,576.2266235351562,451.2574462890625,1303.8099365234375,199.22389221191406,176.57408142089844
2019-11-05,229.55477905273438,577.461181640625,449.1953430175781,1272.764404296875,199.23263549804688,172.263916015625
2019-11-06,229.04530334472656,585.451171875,461.0402526855469,1294.8433837890625,199.27635192871094,169.9430694580078
2019-11-07,229.24127197265625,588.735595703125,458.97821044921875,1332.3485107421875,202.438232421875,175.01104736328125
2019-11-08,234.571533203125,584.9619140625,469.4324645996094,1371.7818603515625,196.09693908691406,173.8269500732422
2019-11-11,236.84471130371094,589.2247314453125,476.48175048828125,1393.2342529296875,196.72927856445312,175.05841064453125
2019-11-13,237.5110321044922,585.8704223632812,465.88372802734375,1363.4901123046875,198.76695251464844,173.96902465820312
2019-11-14,236.64877319335938,593.487548828125,478.2560729980469,1325.792236328125,199.7681884765625,169.3273468017578
2019-11-15,236.53118896484375,595.3511352539062,479.40704345703125,1310.2696533203125,198.1873016357422,168.9484405517578
2019-11-18,235.0810089111328,587.9669799804688,477.96844482421875,1325.117431640625,197.8535614013672,168.9010772705078
2019-11-19,232.1415252685547,592.555908203125,473.3167724609375,1342.809326171875,197.8096160888672,166.5802001953125
2019-11-20,234.8458709716797,593.2312622070312,474.75543212890625,1416.6146240234375,197.87986755371094,164.11727905273438
2019-11-21,233.47410583496094,597.8901977539062,477.87249755859375,1394.294677734375,198.29269409179688,171.55348205566406
2019-11-22,234.14041137695312,589.2247314453125,476.48175048828125,1394.294677734375,200.4620819091797,170.748291015625
2019-11-25,240.68565368652344,592.1830444335938,477.4408874511719,1443.1766357421875,201.35794067382812,180.6000213623047
2019-11-26,245.0360870361328,594.0234375,489.8133239746094,1461.54345703125,195.93006896972656,186.0942840576172
2019-11-27,249.46493530273438,595.5840454101562,484.82598876953125,1471.618896484375,199.63644409179688,182.82615661621094
2019-11-28,248.60264587402344,589.4810180664062,497.9177551269531,1512.0164794921875,201.06809997558594,185.00491333007812
2019-11-29,252.05165100097656,593.9767456054688,491.63555908203125,1512.8358154296875,198.00283813476562,203.61907958984375
2019-12-02,238.29486083984375,589.690673828125,490.0050964355469,1519.4886474609375,192.7681884765625,198.6458282470703
2019-12-03,245.15365600585938,584.8687744140625,488.5185546875,1489.310791015625,191.52981567382812,212.99722290039062
2019-12-04,243.1940155029297,583.1217041015625,507.6046142578125,1488.9251708984375,191.31019592285156,208.82916259765625
2019-12-05,240.568115234375,580.3031005859375,506.50164794921875,1455.6141357421875,194.77069091796875,207.69239807128906
2019-12-06,232.76864624023438,580.5128784179688,503.3366394042969,1413.2880859375,188.4908905029297,207.92922973632812
2019-12-09,234.17962646484375,579.0684814453125,504.96710205078125,1398.0064697265625,192.06556701660156,209.8238067626953
2019-12-10,235.27700805664062,582.1200561523438,507.07720947265625,1360.983642578125,188.47335815429688,196.75123596191406
2019-12-11,231.71043395996094,581.7706298828125,511.728759765625,1369.7091064453125,189.34286499023438,194.572509765625
2019-12-12,233.31735229492188,588.68896484375,513.455078125,1392.366455078125,193.2600555419922,198.12481689453125
2019-12-13,235.19863891601562,588.805419921875,515.0856323242188,1432.1373291015625,194.13833618164062,200.35093688964844
2019-12-16,230.769775390625,585.7772216796875,517.1957397460938,1439.850341796875,193.40936279296875,204.99266052246094
2019-12-17,234.76751708984375,592.1830444335938,519.0179443359375,1439.2237548828125,191.9689483642578,203.3348846435547
2019-12-18,235.4337158203125,602.0830688476562,519.2577514648438,1446.985107421875,195.6138916015625,200.91934204101562
2019-12-19,230.96571350097656,600.4292602539062,518.1068725585938,1436.475830078125,198.8723602294922,198.3616180419922
2019-12-20,232.2591552734375,604.1096801757812,523.7654418945312,1434.595703125,207.6465301513672,196.18289184570312
2019-12-23,231.98475646972656,606.7651977539062,519.1618041992188,1442.6463623046875,204.2299346923828,198.7405548095703
2019-12-24,235.39456176757812,600.5923461914062,518.969970703125,1467.280029296875,202.7105255126953,197.4143524169922
2019-12-26,234.92430114746094,591.8803100585938,516.7161254882812,1461.0615234375,203.08819580078125,202.10345458984375
2019-12-27,233.39572143554688,594.0,526.9306640625,1470.220947265625,204.58128356933594,203.47698974609375
2019-12-30,239.3531036376953,597.3310546875,521.7034301757812,1476.48779296875,204.25631713867188,202.00872802734375
2019-12-31,234.33636474609375,592.6490478515625,516.8599853515625,1455.8551025390625,205.71429443359375,202.6717987060547
2020-01-01,236.33526611328125,595.6771240234375,514.7979736328125,1431.0767822265625,200.68162536621094,211.95518493652344
2020-01-02,235.90411376953125,599.47412109375,518.490478515625,1474.173828125,203.84347534179688,219.5808563232422
2020-01-03,236.53118896484375,590.9252319335938,516.8120727539062,1474.0291748046875,203.74688720703125,214.65499877929688
2020-01-06,233.55245971679688,578.13671875,504.1998291015625,1416.7109375,196.22869873046875,207.12403869628906
2020-01-07,235.6297607421875,587.2913208007812,501.5144348144531,1409.23876953125,197.48463439941406,210.7237091064453
2020-01-08,237.94215393066406,585.75390625,504.4396057128906,1406.298095703125,198.54737854003906,205.5136260986328
2020-01-09,238.29486083984375,592.3228149414062,523.9573364257812,1453.58935546875,201.4984588623047,207.17140197753906
2020-01-10,247.3485107421875,597.5873413085938,518.1548461914062,1437.7774658203125,198.64398193359375,209.77645874023438
2020-01-13,249.97447204589844,599.1246948242188,516.5721435546875,1484.4420166015625,205.1873016357422,220.62286376953125
2020-01-14,251.9732666015625,600.7553100585938,515.6131591796875,1428.5216064453125,198.91627502441406,224.08045959472656
2020-01-15,261.1837463378906,598.3094482421875,513.6949462890625,1350.2816162109375,193.02288818359375,219.059814453125
2020-01-16,267.84661865234375,599.8935546875,515.1815795898438,1336.7352294921875,193.0756378173828,230.99566650390625
2020-01-17,272.62823486328125,595.4675903320312,510.2901916503906,1303.7615966796875,191.0730743408203,228.15379333496094
2020-01-20,270.82525634765625,584.6357421875,512.9755859375,1284.1895751953125,188.55238342285156,220.24395751953125
2020-01-21,269.9237976074219,579.720703125,509.3310546875,1288.431640625,191.3629608154297,216.40744018554688
2020-01-22,267.9642028808594,578.0901489257812,501.46636962890625,1279.8028564453125,188.84222412109375,214.2286834716797
2020-01-23,266.94512939453125,579.9536743164062,506.1180114746094,1284.044921875,190.42315673828125,208.35549926757812
2020-01-24,268.9048156738281,579.81396484375,512.0164794921875,1268.9078369140625,190.39678955078125,208.4976043701172
2020-01-27,257.93072509765625,565.20849609375,515.2774658203125,1225.617919921875,189.72052001953125,206.60304260253906
2020-01-28,251.42462158203125,569.8673706054688,506.59765625,1209.7576904296875,189.6854248046875,199.6878662109375
2020-01-29,246.95654296875,575.7608032226562,505.0630187988281,1213.13232421875,194.49842834472656,198.93003845214844
2020-01-30,248.05393981933594,571.1951293945312,510.43402099609375,1187.3414306640625,183.32655334472656,202.2455291748047
2020-01-31,238.53004455566406,571.3115844726562,504.15191650390625,1213.710693359375,179.26882934570312,201.81924438476562
2020-02-03,235.82571411132812,555.7045288085938,494.4649353027344,1217.8082275390625,173.54232788085938,199.1668243408203
2020-02-04,236.53118896484375,572.942138671875,509.0912780761719,1227.015869140625,184.35415649414062,202.00872802734375
2020-02-05,241.19520568847656,579.8605346679688,517.0518188476562,1227.1605224609375,199.01287841796875,201.77188110351562
2020-02-06,251.11102294921875,577.6009521484375,519.449462890625,1286.406982421875,214.0844268798828,212.14466857910156
2020-02-07,251.0718231201172,578.7191162109375,514.51025390625,1252.228271484375,214.84854125976562,210.2974395751953
2020-02-10,246.95654296875,577.8339233398438,512.1124267578125,1229.2332763671875,212.00286865234375,215.2233428955078
2020-02-11,252.91400146484375,577.9736938476562,517.67529296875,1246.298828125,214.0931854248047,211.19737243652344
2020-02-12,256.87249755859375,581.8870849609375,526.8345947265625,1231.595703125,214.0668487548828,207.45558166503906
2020-02-13,223.4014129638672,578.3463745117188,518.8740844726562,1186.6182861328125,221.751953125,203.61907958984375
2020-02-14,223.3622283935547,568.07373046875,523.477783203125,1133.83154296875,225.96774291992188,198.93003845214844
2020-02-17,217.83599853515625,567.0487670898438,519.449462890625,1130.8909912109375,224.70301818847656,198.88265991210938
2020-02-18,214.77894592285156,565.2318115234375,519.0659790039062,1099.7972412109375,223.78958129882812,195.04612731933594
2020-02-19,217.1304931640625,571.7308349609375,522.5186767578125,1101.1954345703125,226.7845916748047,191.82537841796875
2020-02-20,213.91668701171875,567.025390625,524.6287231445312,1139.80908203125,235.61143493652344,189.50450134277344
2020-02-24,205.01980590820312,563.6943969726562,508.18011474609375,1128.2877197265625,234.60137939453125,185.09963989257812
2020-02-25,201.37481689453125,559.1986083984375,509.2351379394531,1112.4757080078125,232.37930297851562,192.8200225830078
2020-02-26,202.66822814941406,558.70947265625,502.2816162109375,1094.3017578125,224.30776977539062,180.5526885986328
2020-02-27,200.23825073242188,558.8026123046875,494.2731018066406,1075.54931640625,220.9438934326172,180.45794677734375
2020-02-28,189.4993133544922,548.6463623046875,476.9134216308594,1064.4615478515625,210.14085388183594,159.99655151367188
2020-03-02,191.69410705566406,549.5548706054688,485.4014587402344,1040.5506591796875,225.4759063720703,163.4068145751953
2020-03-03,195.1431121826172,550.5797729492188,493.6976623535156,1068.3182373046875,220.82095336914062,162.50686645507812
2020-03-04,189.0681915283203,535.2289428710938,487.5594482421875,1027.7275390625,204.70420837402344,155.49696350097656
2020-03-05,185.0704345703125,536.3936767578125,483.86688232421875,1036.453125,206.33786010742188,158.2440948486328
2020-03-06,175.86004638671875,528.7299194335938,466.4591979980469,978.4117431640625,194.15589904785156,154.6444091796875
2020-03-09,168.17820739746094,515.87158203125,439.02886962890625,870.717041015625,173.48959350585938,153.03402709960938
2020-03-11,176.09521484375,518.8998413085938,446.6058044433594,822.9437866210938,173.57745361328125,150.4763641357422
2020-03-12,158.57583618164062,475.8056640625,408.24169921875,756.5142822265625,147.7994842529297,130.25180053710938
2020-03-13,184.8352813720703,498.4009704589844,428.9103698730469,774.929443359375,145.0943603515625,137.072265625
2020-03-16,169.35398864746094,465.6494140625,386.422119140625,640.3352661132812,134.14199829101562,123.57342529296875
2020-03-17,168.76611328125,454.28192138671875,352.23016357421875,582.4867553710938,136.46949768066406,123.43135833740234
2020-03-18,158.75588989257812,408.5322570800781,340.52911376953125,444.2768249511719,120.73043060302734,117.27398681640625
2020-03-19,158.6754913330078,417.220947265625,324.70391845703125,428.1274719238281,109.37408447265625,109.42683410644531
2020-03-20,157.4694366455078,411.3042907714844,331.5615539550781,424.56011962890625,102.04031372070312,107.50115203857422
2020-03-23,141.46922302246094,359.4515686035156,272.38494873046875,324.3857421875,79.40665435791016,86.07794952392578
2020-03-24,148.26329040527344,357.6579284667969,284.3736572265625,301.14990234375,85.17705535888672,80.58975219726562
2020-03-25,158.6754913330078,399.1447448730469,303.9393615722656,290.4961242675781,99.5986557006836,77.17166900634766
2020-03-26,159.80111694335938,419.8066101074219,316.7433776855469,420.2696838378906,114.42427062988281,84.77811431884766
2020-03-27,160.32373046875,421.3673400878906,325.95074462890625,396.3589782714844,127.38789367675781,92.09569549560547
2020-03-30,153.4492950439453,387.4510803222656,300.58251953125,398.5765075683594,107.04659271240234,85.78909301757812
2020-03-31,165.46954345703125,401.54400634765625,310.5092468261719,338.7032775878906,116.04913330078125,88.5813217163086
2020-04-01,163.09765625,386.51934814453125,298.4245300292969,329.9777526855469,109.19842529296875,87.37777709960938
2020-04-03,161.97203063964844,379.1583557128906,274.9265441894531,301.9694519042969,91.45687103271484,88.67762756347656
2020-04-07,160.7659454345703,417.4771728515625,312.76312255859375,370.0860900878906,94.54845428466797,92.62525939941406
2020-04-08,160.0021514892578,414.12286376953125,305.9055480957031,384.83746337890625,104.59616088867188,92.52898406982422
2020-04-09,159.11769104003906,430.96453857421875,328.6842041015625,381.221923828125,118.73672485351562,97.19876098632812
2020-04-13,150.5145721435547,417.1278076171875,317.1270446777344,395.6840515136719,113.3176498413086,97.19876098632812
2020-04-15,154.695556640625,402.1962890625,313.9620056152344,408.8927917480469,116.41800689697266,103.07209014892578
2020-04-16,157.42926025390625,409.8600158691406,328.0128479003906,419.7876281738281,119.6677017211914,101.67596435546875
2020-04-17,160.44436645507812,424.09271240234375,360.1906433105469,457.4373779296875,140.88729858398438,104.7570571899414
2020-04-20,162.5750274658203,440.1889343261719,346.5234680175781,440.3238525390625,120.3352279663086,115.2038803100586
2020-04-21,165.59014892578125,429.3804931640625,318.2779541015625,386.4765319824219,103.39289093017578,111.15994262695312
2020-04-22,177.44961547851562,432.6183776855469,322.21026611328125,400.9868469238281,106.45816040039062,109.57125854492188
2020-04-23,180.46470642089844,444.8944091796875,338.5150451660156,395.2502136230469,113.05415344238281,108.9935531616211
2020-04-24,174.273681640625,437.02099609375,321.1552429199219,369.1701965332031,117.3753433227539,104.22749328613281
2020-04-27,184.68585205078125,433.130859375,333.6715393066406,392.7916259765625,112.78186798095703,104.1793441772461
2020-04-28,180.62551879882812,433.9228515625,345.1327819824219,451.2668762207031,122.13572692871094,102.78323364257812
2020-04-29,183.84164428710938,455.2136535644531,355.2992858886719,454.20751953125,122.46068572998047,102.97578430175781
2020-04-30,188.82666015625,466.7209777832031,364.6025695800781,451.36328125,137.189697265625,105.86431884765625
2020-05-04,183.4798583984375,430.0094299316406,324.224365234375,407.8804931640625,131.2875213623047,98.16159057617188
2020-05-05,182.1129608154297,424.6285095214844,317.3188171386719,403.6864929199219,129.91738891601562,95.12864685058594
2020-05-06,181.3089599609375,440.9111328125,327.4373779296875,410.2426452636719,137.23358154296875,94.3583755493164
2020-05-07,180.58534240722656,430.94122314453125,322.9775085449219,438.05810546875,132.72796630859375,93.15481567382812
2020-05-08,180.06271362304688,432.8280029296875,323.8887023925781,424.56011962890625,130.76058959960938,93.39553833007812
2020-05-11,172.3842315673828,426.6550598144531,307.05645751953125,417.8593444824219,129.31137084960938,94.3583755493164
2020-05-12,165.9519500732422,420.0162353515625,308.0635070800781,430.20037841796875,117.70909881591797,91.27729034423828
2020-05-13,170.53492736816406,432.17578125,324.224365234375,432.51434326171875,117.98136138916016,89.8330307006836
2020-05-14,164.82630920410156,416.3591003417969,314.00994873046875,412.6529846191406,113.8621597290039,88.09991455078125
2020-05-15,164.50469970703125,413.7734375,309.502197265625,403.6864929199219,112.65892028808594,87.04078674316406
2020-05-18,165.79115295410156,389.780517578125,286.2919006347656,363.24066162109375,101.20592498779297,84.58554077148438
2020-05-19,160.72579956054688,386.9852294921875,288.01824951171875,354.611572265625,103.12940979003906,84.05598449707031
2020-05-20,160.68557739257812,399.3077697753906,293.1494445800781,344.48809814453125,101.67143249511719,84.24854278564453
2020-05-21,160.203125,400.44915771484375,291.9505920410156,334.3646240234375,101.01272583007812,89.30345916748047
2020-05-22,161.65036010742188,390.8054504394531,279.1465759277344,326.21759033203125,95.05787658691406,88.5813217163086
2020-05-26,157.10763549804688,397.1181640625,280.7290954589844,335.71441650390625,94.50454711914062,91.90312194824219
2020-05-27,161.36898803710938,420.99462890625,305.8096618652344,355.7203674316406,97.49076080322266,92.52898406982422
2020-05-28,168.9268798828125,440.3753662109375,313.4824523925781,372.978515625,99.68647766113281,99.50956726074219
2020-05-29,158.0323028564453,443.35699462890625,318.3738708496094,379.53466796875,100.52965545654297,99.6058578491211
2020-06-01,160.0423583984375,460.1286926269531,325.37530517578125,395.3948059082031,101.87344360351562,103.7942123413086
2020-06-02,165.42935180664062,466.3482360839844,334.15106201171875,419.1127624511719,102.9361801147461,103.98677062988281
2020-06-03,172.46461486816406,476.24822998046875,342.2554931640625,416.8469543457031,108.35526275634766,108.078857421875
2020-06-04,173.4696502685547,466.67437744140625,333.6235656738281,400.1673278808594,107.6789779663086,108.3195571899414
2020-06-05,183.84164428710938,481.4195556640625,342.5911865234375,407.20556640625,108.01273345947266,111.30435943603516
2020-06-08,188.50502014160156,473.2899475097656,345.0848388671875,435.4067687988281,110.97257232666016,116.11856842041016
2020-06-09,181.67250061035156,459.9656982421875,334.294921875,447.26568603515625,108.83831787109375,111.88206481933594
2020-06-10,191.10787963867188,462.0854187011719,338.56292724609375,481.6855773925781,111.54347229003906,112.94121551513672
2020-06-11,179.31365966796875,451.253662109375,327.2934875488281,504.3911437988281,112.05289459228516,108.2232894897461
2020-06-12,180.49305725097656,457.84588623046875,330.12286376953125,509.5010681152344,120.22102355957031,107.54928588867188
2020-06-15,172.35906982421875,442.5183410644531,317.5586242675781,472.9600524902344,118.18339538574219,109.13798522949219
2020-06-16,173.2945098876953,461.4099426269531,328.92401123046875,464.5238037109375,115.13570404052734,108.27142333984375
2020-06-17,173.3351593017578,456.2153015136719,327.96484375,473.53857421875,113.83582305908203,109.90824890136719
2020-06-18,177.97152709960938,475.1767578125,337.60382080078125,481.2999267578125,117.09430694580078,130.85000610351562
2020-06-19,173.98590087890625,481.4195556640625,348.9212341308594,466.3074951171875,115.73294830322266,134.8939666748047
2020-06-22,178.94757080078125,479.2764892578125,352.5178527832031,472.3333740234375,118.08677673339844,136.09751892089844
2020-06-23,178.66290283203125,485.5892028808594,360.7661437988281,501.7397766113281,120.14198303222656,136.62705993652344
2020-06-24,175.53134155273438,481.0235900878906,333.8633728027344,464.4273986816406,119.8433609008789,133.64227294921875
2020-06-25,174.75860595703125,479.2764892578125,336.644775390625,458.1122741699219,121.28376007080078,130.94630432128906
2020-06-26,178.29689025878906,492.18145751953125,334.82244873046875,474.88836669921875,123.82205963134766,120.93277740478516
2020-06-29,173.25381469726562,501.312744140625,329.06781005859375,462.78839111328125,121.31011199951172,114.67430114746094
2020-06-30,172.64378356933594,496.5606689453125,337.0763854980469,457.7748107910156,121.13446807861328,113.90403747558594
2020-07-01,170.65097045898438,505.2960510253906,349.1610107421875,474.7919616699219,123.19845581054688,112.65234375
2020-07-02,172.5624237060547,507.5323181152344,348.0101318359375,477.05767822265625,122.6012191772461,118.4775390625
2020-07-03,173.09115600585938,500.3343200683594,346.23577880859375,469.7301940917969,122.25865936279297,120.4032211303711
2020-07-06,176.91412353515625,513.8682861328125,347.051025390625,478.11822509765625,122.53971099853516,121.36605072021484
2020-07-07,173.98590087890625,514.8699951171875,360.67022705078125,507.42822265625,127.1507568359375,120.45135498046875
2020-07-08,171.87106323242188,517.29248046875,353.860595703125,532.7850341796875,133.13197326660156,116.64813232421875
2020-07-09,171.6676788330078,524.0943603515625,355.203369140625,536.5934448242188,130.05592346191406,114.81873321533203
2020-07-10,170.16290283203125,514.8465576171875,345.61236572265625,519.913818359375,125.99958801269531,113.03749084472656
2020-07-13,174.47393798828125,503.2694396972656,339.1383972167969,520.299560546875,124.2417984008789,114.77058410644531
2020-07-14,177.32083129882812,493.299560546875,331.41766357421875,492.48394775390625,121.68180847167969,111.30435943603516
2020-07-15,173.82321166992188,490.6440734863281,331.65740966796875,485.4939270019531,118.00404357910156,109.76382446289062
2020-07-16,176.26341247558594,495.0234069824219,330.5544738769531,500.0042419433594,121.51055145263672,108.9454116821289
2020-07-17,175.40931701660156,511.74847412109375,339.33026123046875,502.1253356933594,124.07955932617188,112.84490966796875
2020-07-20,182.28253173828125,527.8680419921875,348.1540222167969,509.7903137207031,124.53926849365234,115.5408706665039
2020-07-21,182.85191345214844,530.430419921875,363.3077392578125,504.7286071777344,122.49310302734375,116.8406982421875
2020-07-22,179.31365966796875,524.74658203125,365.5137023925781,495.1353454589844,125.31450653076172,115.39643096923828
2020-07-23,172.8064422607422,526.6334228515625,376.20770263671875,495.4728088378906,126.76580810546875,115.82971954345703
2020-07-24,174.9619903564453,521.3690185546875,366.18505859375,503.5234069824219,127.4328384399414,117.5628433227539
2020-07-27,175.3279571533203,502.91998291015625,343.8380432128906,488.4827880859375,123.07899475097656,120.2587890625
2020-07-28,174.75860595703125,506.2510681152344,337.69976806640625,508.054931640625,125.3505630493164,124.01385498046875
2020-07-29,172.92848205566406,495.9783630371094,336.69268798828125,530.760498046875,130.6238555908203,127.96150970458984
2020-07-30,181.22511291503906,489.4793701171875,330.8421630859375,501.2094421386719,123.24127960205078,120.49950408935547
2020-07-31,184.1126708984375,481.163330078125,332.61651611328125,504.9696044921875,124.6294174194336,124.25457763671875
2020-08-03,203.91896057128906,466.8140869140625,329.211669921875,485.0118408203125,120.9697036743164,124.92854309082031
2020-08-04,225.79934692382812,485.2864074707031,336.644775390625,474.9365539550781,118.0311050415039,125.55440521240234
2020-08-05,219.21080017089844,478.7174377441406,337.79571533203125,475.0811767578125,115.79558563232422,126.13211059570312
2020-08-06,224.66058349609375,484.84375,344.0777893066406,477.1540832519531,119.1218032836914,125.21742248535156
2020-08-07,221.93572998046875,486.311279296875,343.310546875,490.74853515625,122.00635528564453,126.18025970458984
2020-08-10,218.23475646972656,489.4793701171875,348.6814880371094,491.0859680175781,121.57364654541016,129.55020141601562
2020-08-11,213.96437072753906,496.9335021972656,352.3260803222656,503.28240966796875,121.75393676757812,128.77993774414062
2020-08-12,214.7777862548828,495.55908203125,351.8465270996094,501.9808044433594,119.86096954345703,131.37957763671875
2020-08-13,214.8184814453125,493.39276123046875,352.9974060058594,500.14892578125,126.612548828125,129.79090881347656
2020-08-14,210.99546813964844,481.9319763183594,346.6194152832031,489.0130920410156,123.7370376586914,128.34666442871094
2020-08-17,213.96437072753906,481.1400451660156,345.468505859375,494.749755859375,122.41194915771484,128.10594177246094
2020-08-18,213.31369018554688,492.2046813964844,354.43603515625,502.89666748046875,124.6294174194336,130.0316162109375
2020-08-19,215.265869140625,496.91009521484375,359.1357116699219,503.427001953125,124.20576477050781,136.4344940185547
2020-08-20,213.2323455810547,493.36944580078125,352.709716796875,494.9907531738281,123.99846649169922,136.6752166748047
2020-08-21,226.93807983398438,505.7851867675781,355.97064208984375,495.1353454589844,123.76407623291016,151.214111328125
2020-08-24,225.35198974609375,520.4139404296875,364.7944030761719,510.1759948730469,123.36744689941406,158.86871337890625
2020-08-25,221.89501953125,521.6484985351562,370.54901123046875,517.262451171875,125.2874526977539,163.73104858398438
2020-08-26,222.05770874023438,521.0661010742188,373.42633056640625,547.2954711914062,130.94834899902344,165.27159118652344
2020-08-27,225.59597778320312,518.1077270507812,376.1597595214844,584.1256713867188,129.8756561279297,161.4202117919922
2020-08-28,221.0816650390625,519.2259521484375,392.94403076171875,641.7814331054688,139.31346130371094,159.83152770996094
2020-08-31,206.8878173828125,519.8548583984375,378.4615783691406,607.6026000976562,126.63961029052734,155.017333984375
2020-09-01,210.466796875,525.1892700195312,374.9608459472656,604.951171875,127.33365631103516,148.90328979492188
2020-09-02,210.34475708007812,528.3805541992188,376.3515930175781,617.5813598632812,124.8277359008789,147.55531311035156
2020-09-03,193.71080017089844,526.8663940429688,367.09625244140625,609.193359375,125.78324127197266,149.91429138183594
2020-09-04,200.8280029296875,521.462158203125,357.3133850097656,594.056396484375,123.93536376953125,153.62123107910156
2020-09-07,209.36865234375,517.3623657226562,358.12860107421875,586.8734741210938,123.953369140625,151.3103790283203
2020-09-08,211.40219116210938,518.2708129882812,360.33453369140625,578.8711547851562,119.46432495117188,147.50718688964844
2020-09-09,210.67015075683594,510.8399963378906,352.5658264160156,582.9205322265625,115.1736068725586,140.6710205078125
2020-09-10,210.58876037597656,508.0680236816406,355.5390625,598.2021484375,113.49698638916016,147.26644897460938
2020-09-11,211.48355102539062,502.5240173339844,355.34722900390625,588.46435546875,116.03894805908203,149.09588623046875
2020-09-14,214.33042907714844,492.8802185058594,348.82537841796875,587.5001220703125,114.74092864990234,157.90586853027344
2020-09-15,214.69644165039062,498.72705078125,356.3542785644531,610.6878051757812,117.6074447631836,163.0089111328125
2020-09-16,210.8734893798828,509.51226806640625,359.3754577636719,599.3591918945312,118.68912506103516,174.61114501953125
2020-09-17,208.88064575195312,504.8301696777344,353.9085998535156,595.2132568359375,117.9679946899414,180.05117797851562
2020-09-18,204.93568420410156,492.5774841308594,354.43603515625,591.2120971679688,116.57080841064453,178.02923583984375
2020-09-21,198.99786376953125,488.85040283203125,336.3570251464844,540.4982299804688,114.92120361328125,178.75135803222656
2020-09-22,202.4954833984375,482.3746643066406,339.9056701660156,524.493408203125,115.49813079833984,171.91519165039062
2020-09-23,202.454833984375,487.8953552246094,337.46002197265625,509.1153869628906,110.5313491821289,172.7335968017578
2020-09-24,194.7682342529297,480.04522705078125,321.9704895019531,472.6708068847656,101.65239715576172,162.5756378173828
2020-09-25,197.20840454101562,486.3812561035156,334.3908386230469,496.38873291015625,106.4208755493164,173.9852752685547
2020-09-28,197.4117431640625,491.1330871582031,348.1540222167969,535.1954345703125,110.90092468261719,178.2218017578125
2020-09-29,194.93089294433594,495.0234069824219,342.44732666015625,517.0213623046875,109.88231658935547,175.86282348632812
2020-09-30,191.0672149658203,502.5007019042969,340.2413635253906,508.4888000488281,111.65811157226562,187.56134033203125
2020-10-01,192.3280029296875,515.7084350585938,354.10040283203125,570.9651489257812,118.75224304199219,193.0013885498047
2020-10-05,192.08396911621094,519.156005859375,357.8409423828125,579.9799194335938,118.10321044921875,188.764892578125
2020-10-06,193.1820831298828,533.0160522460938,365.0341491699219,600.4678955078125,117.99503326416016,199.8375701904297
2020-10-07,190.8638916015625,541.4718627929688,367.0003356933594,596.9005737304688,114.26319122314453,200.46340942382812
2020-10-08,188.7897491455078,555.2387084960938,371.65191650390625,595.5509033203125,115.20965576171875,195.26406860351562
2020-10-09,185.25144958496094,574.6892700195312,385.07940673828125,600.708984375,115.5792465209961,196.51576232910156
2020-10-12,176.83277893066406,565.4181518554688,387.52508544921875,592.4173583984375,119.2840347290039,191.4127197265625
2020-10-13,175.77532958984375,558.336669921875,380.0440979003906,586.3914794921875,117.4992446899414,183.8544158935547
2020-10-14,181.0217742919922,564.41650390625,390.1625671386719,600.3233032226562,119.92406463623047,194.06053161621094
2020-10-15,182.404541015625,544.7330322265625,375.0088195800781,576.5571899414062,113.96570587158203,186.0207977294922
2020-10-16,191.18927001953125,558.756103515625,379.9002685546875,586.48779296875,116.66094207763672,187.99462890625
2020-10-19,190.25384521484375,560.7127075195312,400.0414123535156,604.6137084960938,118.58094787597656,202.91864013671875
2020-10-20,181.91647338867188,570.216796875,397.6436462402344,602.830078125,118.74320983886719,216.73541259765625
2020-10-21,178.21554565429688,580.8154907226562,403.1104736328125,605.5778198242188,120.05926513671875,220.8756103515625
2020-10-22,186.71554565429688,574.57275390625,396.01312255859375,586.9216918945312,126.21593475341797,215.9169921875
2020-10-23,182.89260864257812,575.7374877929688,399.89752197265625,586.34326171875,128.0097198486328,215.33929443359375
2020-10-26,185.04811096191406,564.136962890625,387.9087829589844,594.5384521484375,124.39505767822266,208.79196166992188
2020-10-27,188.5457305908203,574.4795532226562,393.183837890625,591.9835205078125,132.8953857421875,205.22946166992188
2020-10-28,185.3734893798828,563.5313110351562,379.8522644042969,571.5918579101562,128.39736938476562,206.8662872314453
2020-10-29,184.15335083007812,553.0955200195312,383.5448303222656,567.5906372070312,126.03563690185547,200.94482421875
2020-10-30,182.77056884765625,551.3952026367188,376.54339599609375,564.6983032226562,125.01703643798828,201.3780975341797
2020-11-02,179.02896118164062,566.1635131835938,400.3771057128906,605.81884765625,135.942138671875,197.14158630371094
2020-11-03,177.32083129882812,581.39794921875,425.6973876953125,623.4144897460938,137.52867126464844,197.0452880859375
2020-11-04,179.02896118164062,585.8004760742188,419.1754455566406,653.73681640625,142.2340087890625,196.41946411132812
2020-11-05,184.8447265625,591.2978515625,420.566162109375,688.783447265625,147.00254821777344,211.7286376953125
2020-11-06,181.87582397460938,609.2111206054688,424.6902770996094,712.1638793945312,152.59129333496094,218.46852111816406
2020-11-09,181.46910095214844,624.5386352539062,443.77642822265625,747.644287109375,151.66525268554688,224.29371643066406
2020-11-10,184.68203735351562,649.2770385742188,464.06146240234375,805.2517700195312,155.7415313720703,218.1796875
2020-11-11,185.98353576660156,647.55322265625,466.6509704589844,759.696044921875,160.3533935546875,220.6830596923828
2020-11-12,191.39260864257812,639.0508422851562,457.203857421875,741.6183471679688,156.3588409423828,221.83847045898438
2020-11-13,195.86630249023438,633.041015625,465.6919250488281,740.9915771484375,159.06422424316406,242.39511108398438
2020-11-14,195.09356689453125,638.1190795898438,466.9866638183594,742.8236694335938,158.38339233398438,249.32757568359375
2020-11-17,202.1294708251953,656.1719970703125,466.50714111328125,756.0322875976562,156.3316192626953,249.52012634277344
2020-11-18,203.14617919921875,656.2885131835938,477.2969970703125,798.5991821289062,168.00657653808594,250.09780883789062
2020-11-19,201.478759765625,640.285400390625,459.16998291015625,788.6685180664062,165.55540466308594,244.22450256347656
2020-11-20,201.07203674316406,653.9357299804688,460.5606689453125,781.9195556640625,169.56805419921875,248.36473083496094
2020-11-23,205.0576934814453,649.7196044921875,449.09942626953125,819.280029296875,176.967041015625,248.2202911376953
2020-11-24,205.9524383544922,670.0321044921875,458.64251708984375,823.0885009765625,186.87164306640625,251.78282165527344
2020-11-25,202.33285522460938,653.539794921875,453.3674621582031,824.3899536132812,193.37185668945312,257.22283935546875
2020-11-26,201.478759765625,664.651123046875,455.8611145019531,820.0513916015625,190.95700073242188,258.522705078125
2020-11-27,205.38307189941406,671.2665405273438,453.9908447265625,826.8969116210938,194.31605529785156,269.691650390625
2020-12-01,212.62229919433594,667.7492065429688,465.26031494140625,863.3895263671875,185.8457794189453,289.04473876953125
2020-12-02,213.84237670898438,655.47314453125,460.8005065917969,865.125,187.10772705078125,286.8301696777344
2020-12-03,214.37106323242188,641.6131591796875,462.14324951171875,864.1126708984375,187.67965698242188,280.860595703125
2020-12-04,230.72039794921875,645.5265502929688,481.51708984375,880.8888549804688,182.1326904296875,288.75592041015625
2020-12-07,230.6390838623047,639.3070678710938,489.5735168457031,901.6178588867188,193.0813446044922,294.6291809082031
2020-12-08,224.94525146484375,641.1939086914062,487.6073303222656,883.829345703125,193.68963623046875,297.9991760253906
2020-12-09,230.72039794921875,655.5897216796875,490.5805969238281,895.2062377929688,192.8816375732422,293.90704345703125
2020-12-10,238.97634887695312,645.6430053710938,486.2166748046875,883.0098266601562,190.60292053222656,293.3293762207031
2020-12-11,231.5337677001953,644.2222290039062,494.3690490722656,890.6265869140625,189.42271423339844,287.4079284667969
2020-12-14,232.30654907226562,639.2604370117188,504.2958068847656,888.2161865234375,194.2797088623047,313.40460205078125
2020-12-15,232.71322631835938,648.18212890625,496.8626708984375,893.51904296875,198.3468780517578,310.9493713378906
2020-12-16,233.16062927246094,657.2201538085938,491.49176025390625,888.7465209960938,194.83351135253906,307.77197265625
2020-12-17,229.09359741210938,671.7092895507812,489.5256042480469,902.2444458007812,191.82852172851562,308.9273986816406
2020-12-18,218.43809509277344,657.5230712890625,495.99957275390625,872.7417602539062,186.61749267578125,317.1115417480469
2020-12-21,204.20359802246094,639.4934692382812,474.27587890625,812.48291015625,175.55078125,289.57427978515625
2020-12-22,204.56968688964844,639.703125,479.838623046875,810.5545654296875,170.30340576171875,291.8851013183594
2020-12-23,209.57208251953125,640.8910522460938,483.0036926269531,824.67919921875,174.6066436767578,314.9451599121094
2020-12-24,209.24671936035156,650.8843383789062,492.5467224121094,822.220703125,180.9525146484375,315.52288818359375
2020-12-28,213.43569946289062,658.221923828125,498.8288269042969,835.8633422851562,184.48403930664062,314.7525634765625
2020-12-29,213.4763946533203,664.9072265625,507.17303466796875,880.1656494140625,187.90658569335938,310.082763671875
2020-12-30,214.85914611816406,667.37646484375,507.1251220703125,866.812255859375,188.66015625,310.7568054199219
2020-12-31,214.08639526367188,669.1468505859375,513.1674194335938,862.8592529296875,190.0128173828125,317.83367919921875
2021-01-01,220.146240234375,663.9057006835938,505.9262390136719,867.872802734375,194.4340362548828,321.1073303222656
2021-01-04,227.100830078125,659.689453125,509.9544677734375,865.6552734375,195.5053253173828,323.2737121582031
2021-01-05,229.37828063964844,664.6743774414062,515.2774658203125,888.6019897460938,202.2960205078125,328.23236083984375
2021-01-06,226.93807983398438,661.8092041015625,524.3410034179688,889.2767944335938,217.37539672851562,327.75091552734375
2021-01-07,226.20603942871094,659.805908203125,518.969970703125,917.9117431640625,237.2754364013672,328.9544677734375
2021-01-08,226.16531372070312,666.9805908203125,519.8811645507812,906.10107421875,235.2600555419922,335.357421875
2021-01-11,228.48353576660156,676.2048950195312,522.4228515625,895.7847290039062,227.2618865966797,333.7205505371094
2021-01-12,228.84957885742188,689.9718627929688,525.587890625,894.3868408203125,229.25006103515625,336.3201599121094
2021-01-13,227.46682739257812,685.14990234375,533.7401733398438,908.9453125,220.94322204589844,336.2720947265625
2021-01-14,227.46682739257812,684.2647094726562,530.6710205078125,934.9290161132812,221.23373413085938,333.3354187011719
2021-01-15,224.74192810058594,683.286376953125,520.7922973632812,931.2652587890625,218.70997619628906,330.1098937988281
2021-01-18,218.68212890625,690.9501342773438,511.3450927734375,899.35205078125,213.12664794921875,328.9544677734375
2021-01-19,219.7801971435547,700.6171875,524.1011962890625,906.197509765625,223.03126525878906,350.6183776855469
2021-01-20,220.3088836669922,695.0965576171875,528.4651489257812,913.7178344726562,226.544677734375,351.0035400390625
2021-01-21,216.36392211914062,687.0833740234375,530.0955810546875,892.6512451171875,219.05491638183594,360.05426025390625
2021-01-22,209.8973846435547,672.5245361328125,511.9685974121094,861.2684326171875,208.92332458496094,369.92333984375
2021-01-25,209.775390625,681.5160522460938,516.0447387695312,818.7015991210938,218.07444763183594,375.5078125
2021-01-27,206.6844940185547,656.7078247070312,500.9867858886719,790.741455078125,208.9959716796875,369.20123291015625
2021-01-28,204.69166564941406,638.9343872070312,506.6455383300781,773.8206787109375,201.7422332763672,360.96893310546875
2021-01-29,212.01223754882812,647.8093872070312,515.0376586914062,815.760986328125,234.47018432617188,357.1657409667969
2021-02-01,217.21795654296875,687.9917602539062,579.1056518554688,935.7966918945312,241.8509979248047,369.0086669921875
2021-02-02,213.84237670898438,727.03271484375,592.1015625,940.6656494140625,248.14242553710938,389.8059997558594
2021-02-03,210.34475708007812,733.671630859375,596.8970336914062,1010.9515380859375,266.05419921875,400.4935607910156
2021-02-04,212.7443084716797,735.6748657226562,602.6036376953125,995.1395874023438,257.9471435546875,387.928466796875
2021-02-05,212.9883270263672,744.293701171875,589.0324096679688,988.3424072265625,251.37432861328125,370.0677795410156
2021-02-08,208.18930053710938,747.8577270507812,603.8504638671875,997.9838256835938,257.7383117675781,371.5120544433594
2021-02-09,209.1246795654297,750.9324340820312,607.4471435546875,989.0173950195312,256.5763244628906,361.20965576171875
2021-02-10,209.36865234375,736.9094848632812,606.2962646484375,986.1248779296875,259.2998962402344,377.9149169921875
2021-02-11,207.49786376953125,732.5301513671875,604.857666015625,985.2572021484375,261.6875305175781,406.0780334472656
2021-02-12,208.63661193847656,737.0026245117188,621.1143188476562,990.5599975585938,261.14276123046875,408.67767333984375
2021-02-15,209.36865234375,753.1453857421875,646.38671875,1019.677001953125,274.7787170410156,399.81951904296875
2021-02-16,209.8973846435547,757.8275146484375,631.4248046875,1020.3037719726562,268.3238220214844,400.5898132324219
2021-02-17,216.85198974609375,739.1224365234375,630.465576171875,996.1519165039062,265.03753662109375,399.96392822265625
2021-02-18,223.11512756347656,724.1209716796875,618.2850341796875,1008.5413208007812,261.2245178222656,401.6971130371094
2021-02-19,216.81129455566406,717.03955078125,598.5275268554688,1027.679443359375,255.03297424316406,406.41497802734375
2021-02-22,219.5361785888672,721.1859741210938,584.908203125,986.2213745117188,246.96218872070312,404.8262939453125
2021-02-23,228.7682342529297,712.4041137695312,591.0944213867188,1010.7105102539062,250.1033935546875,405.0669860839844
2021-02-24,230.55772399902344,748.4168090820312,614.880126953125,1031.6324462890625,250.19418334960938,402.4673767089844
2021-02-25,249.83523559570312,748.3933715820312,602.3160400390625,1069.95703125,250.6208953857422,431.833984375
2021-02-26,255.52906799316406,714.8499145507812,573.3031616210938,1024.835205078125,232.94497680664062,420.7131652832031
2021-03-01,250.56729125976562,726.2640991210938,583.4696044921875,1029.6558837890625,242.1415252685547,419.7503967285156
2021-03-02,271.8782653808594,730.5966796875,585.5316772460938,1034.8623046875,245.21910095214844,428.5121765136719
2021-03-03,266.5099792480469,739.2854614257812,606.248291015625,1060.315673828125,247.32534790039062,431.40069580078125
2021-03-04,262.19891357421875,723.07275390625,595.3624877929688,1052.79541015625,243.18551635742188,431.7376708984375
2021-03-05,250.16064453125,712.8001098632812,584.524658203125,1002.61181640625,234.07981872558594,424.7571105957031
2021-03-08,253.1295166015625,707.9082641601562,583.181884765625,981.7380981445312,229.8401641845703,427.3568115234375
2021-03-09,253.57691955566406,727.9412231445312,599.5344848632812,988.0531616210938,230.63905334472656,427.3568115234375
2021-03-10,256.9524841308594,724.7965087890625,600.0140991210938,1002.5635375976562,238.83692932128906,421.3871765136719
2021-03-12,259.6367492675781,723.026123046875,587.7855834960938,985.9803466796875,240.66172790527344,419.94293212890625
2021-03-15,263.7850341796875,712.1710815429688,578.8179931640625,1001.4065551757812,231.79205322265625,409.5924072265625
2021-03-16,271.5936584472656,704.4840698242188,570.61767578125,997.59814453125,240.20777893066406,407.3778381347656
2021-03-17,259.06732177734375,696.6571655273438,565.3905029296875,972.7715454101562,239.962646484375,404.48931884765625
2021-03-18,256.09844970703125,694.6306762695312,554.9363403320312,966.842041015625,240.71620178222656,404.3449401855469
2021-03-19,245.0362091064453,697.658935546875,562.6571655273438,975.61572265625,249.46786499023438,397.7975769042969
2021-03-22,248.57452392578125,684.4511108398438,549.9969482421875,933.4345092773438,250.82061767578125,397.4605407714844
2021-03-23,259.9214172363281,698.8933715820312,562.4173583984375,954.5491943359375,255.34170532226562,397.8938293457031
2021-03-24,252.31614685058594,688.9469604492188,544.2903442382812,924.3233642578125,254.5245819091797,396.82855224609375
2021-03-25,257.03387451171875,681.7489624023438,548.1746215820312,923.4556274414062,249.11383056640625,400.8961181640625
2021-03-26,249.7946319580078,694.7703857421875,554.888427734375,918.586669921875,259.4904479980469,399.3465576171875
2021-03-30,257.60321044921875,723.8414306640625,567.2607421875,926.5890502929688,257.93804931640625,405.1089172363281
2021-03-31,254.3495635986328,695.865234375,558.2931518554688,920.2257690429688,258.2467956542969,413.6314697265625
2021-04-01,256.3017272949219,692.650634765625,570.0901489257812,957.6827392578125,267.3979797363281,420.6043701171875
2021-04-05,245.6868896484375,675.343017578125,547.8869018554688,903.7388916015625,258.9112243652344,400.41192626953125
2021-04-06,244.0194549560547,670.987060546875,542.7557373046875,894.0010986328125,262.3843078613281,400.41192626953125
2021-04-07,244.7515106201172,674.2249145507812,554.0252075195312,911.6449584960938,270.8436279296875,401.9129943847656
2021-04-08,251.21800231933594,667.5162353515625,553.114013671875,901.3768310546875,272.41143798828125,404.14044189453125
2021-04-09,249.3878936767578,662.3682250976562,543.0435180664062,890.5302734375,267.9266357421875,440.07049560546875
2021-04-12,228.72755432128906,636.884521484375,516.5243530273438,814.1218872070312,237.1704864501953,405.8836975097656
2021-04-13,234.0960235595703,652.3983764648438,537.6724853515625,845.9386596679688,252.01071166992188,418.71588134765625
2021-04-15,239.05775451660156,666.2583618164062,551.6753540039062,827.5717163085938,251.70985412597656,408.30487060546875
2021-04-16,243.2060546875,665.5828247070312,543.7627563476562,832.0067749023438,251.22674560546875,406.31951904296875
2021-04-19,238.4476776123047,658.0122680664062,536.8572387695312,802.16650390625,244.78199768066406,402.9298400878906
2021-04-20,234.34005737304688,648.2286987304688,536.2338256835938,814.7003784179688,245.21957397460938,405.83526611328125
2021-04-22,235.15341186523438,662.7176513671875,555.5117797851562,805.7338256835938,241.7920379638672,402.5909118652344
2021-04-23,239.3018035888672,658.8275146484375,546.6400756835938,819.5210571289062,251.70985412597656,400.6540222167969
2021-04-26,250.16064453125,654.4714965820312,566.9251708984375,828.7286376953125,244.13482666015625,404.47943115234375
2021-04-27,252.51953125,670.2649536132812,574.2622680664062,850.8075561523438,241.5641632080078,406.46478271484375
2021-04-28,247.80181884765625,688.0150756835938,595.9379272460938,893.6636962890625,256.1127014160156,409.2733154296875
2021-04-29,248.12709045410156,686.0118408203125,596.0337524414062,905.763671875,258.2093200683594,406.9974365234375
2021-04-30,256.13909912109375,657.9656982421875,575.9407348632812,901.4249877929688,245.21957397460938,408.6438293457031
2021-05-03,265.7371826171875,658.9673461914062,572.343994140625,880.8405151367188,236.79672241210938,405.20574951171875
2021-05-04,281.8830871582031,646.8078002929688,567.356689453125,877.5142822265625,235.4020233154297,407.8690185546875
2021-05-05,326.1726379394531,653.4466552734375,578.1466064453125,897.76123046875,234.64541625976562,408.88592529296875
2021-05-06,316.0458679199219,652.6546630859375,583.3258056640625,891.7835083007812,239.08474731445312,402.7845764160156
2021-05-07,312.7923278808594,659.1070556640625,582.2706909179688,892.9888305664062,236.57794189453125,404.915283203125
2021-05-10,319.9908752441406,661.4830322265625,588.169189453125,911.500244140625,242.97711181640625,407.04583740234375
2021-05-11,318.40472412109375,653.8892211914062,584.908203125,914.8265380859375,244.75466918945312,407.53009033203125
2021-05-12,307.5458679199219,652.0023193359375,570.4258422851562,883.7811889648438,245.01901245117188,408.5470275878906
2021-05-14,323.61053466796875,646.1090087890625,572.87158203125,858.90625,241.83767700195312,409.3702087402344
2021-05-17,331.0937194824219,670.987060546875,598.0958862304688,922.154052734375,253.24130249023438,423.6550598144531
2021-05-18,325.27789306640625,687.968505859375,607.3033447265625,939.6050415039062,264.38970947265625,423.3160705566406
2021-05-19,327.35205078125,679.349609375,599.8702392578125,932.3257446289062,257.306884765625,420.8464660644531
2021-05-20,325.1559143066406,667.5162353515625,593.3004150390625,940.5209350585938,258.1455078125,423.46136474609375
2021-05-21,328.53155517578125,697.565673828125,616.1749877929688,979.5687255859375,269.5947570800781,421.9602355957031
2021-05-24,333.2085876464844,703.4591064453125,620.8745727539062,968.7221069335938,266.0213928222656,431.35430908203125
2021-05-25,330.1990051269531,689.0167236328125,623.703857421875,958.26123046875,261.4909362792969,451.8373718261719
2021-05-26,334.7132873535156,688.1316528320312,625.8140258789062,962.6480712890625,261.20831298828125,453.87115478515625
2021-05-27,334.4287109375,690.7405395507812,625.5741577148438,970.746826171875,262.79449462890625,452.6605529785156
2021-05-28,337.1129150390625,700.4307861328125,616.75048828125,982.798583984375,265.27392578125,450.7720642089844
2021-05-31,334.3473205566406,706.2078247070312,635.644775390625,976.67626953125,260.6705627441406,454.40386962890625
2021-06-01,345.4501953125,704.2744140625,623.5120849609375,973.83203125,257.2977600097656,452.99951171875
2021-06-02,349.27313232421875,700.68701171875,621.8336791992188,991.138427734375,260.7161560058594,453.87115478515625
2021-06-03,350.6153564453125,708.3973999023438,623.6559448242188,969.686279296875,258.464599609375,448.011962890625
2021-06-04,344.8402099609375,699.2661743164062,616.414794921875,973.1090698242188,259.4673156738281,450.43310546875
2021-06-07,339.6344299316406,698.753662109375,621.6898193359375,988.4388427734375,271.1808776855469,453.4837951660156
2021-06-08,337.3975524902344,690.9268798828125,616.1270141601562,983.5698852539062,271.481689453125,456.9217834472656
2021-06-09,336.5841369628906,689.6456909179688,610.0846557617188,967.565185546875,261.99237060546875,454.25848388671875
2021-06-10,333.8186340332031,689.9950561523438,614.2088623046875,987.6192016601562,267.99951171875,455.7112121582031
2021-06-11,325.39990234375,692.4642944335938,609.7010498046875,978.7009887695312,268.974853515625,456.6796875
2021-06-14,326.7828063964844,689.2496337890625,609.173583984375,987.5711669921875,269.2756652832031,472.7562255859375
2021-06-15,328.57220458984375,694.28125,618.9083251953125,997.357177734375,264.47186279296875,484.76519775390625
2021-06-16,333.8186340332031,691.6489868164062,613.9210815429688,977.3511962890625,262.4945983886719,474.06365966796875
2021-06-17,329.1009216308594,683.0301513671875,607.1114501953125,948.7643432617188,258.3846435546875,515.078125
2021-06-18,328.4501647949219,689.412841796875,604.6178588867188,959.7073974609375,252.6363067626953,580.0137939453125
2021-06-21,326.90478515625,693.55908203125,605.43310546875,971.4216918945312,253.1671905517578,606.7918090820312
2021-06-22,325.84735107421875,691.2763061523438,605.0493774414062,964.2388305664062,251.1168670654297,595.8480834960938
2021-06-23,326.6200866699219,692.0682373046875,599.1509399414062,963.7086181640625,250.21978759765625,584.662353515625
2021-06-24,320.31622314453125,701.7353515625,608.1185913085938,964.7691650390625,249.68890380859375,582.3380126953125
2021-06-25,311.0435485839844,705.8583984375,622.45703125,976.5798950195312,250.45779418945312,581.3211059570312
2021-06-28,313.1177062988281,702.7136840820312,623.703857421875,972.7233276367188,251.27243041992188,590.763671875
2021-06-29,313.80902099609375,702.8073120117188,613.9210815429688,981.6416015625,248.58135986328125,590.9574584960938
2021-06-30,316.2899475097656,700.865478515625,605.097412109375,979.9061279296875,245.7986297607422,594.9764404296875
2021-07-01,315.8018493652344,695.6484375,605.0493774414062,971.5663452148438,248.16941833496094,581.4664306640625
2021-07-02,312.2635803222656,692.6773071289062,614.06494140625,973.4464721679688,249.3776397705078,610.1329956054688
2021-07-05,307.0578308105469,699.7191162109375,621.3540649414062,983.95556640625,251.6386260986328,618.364990234375
2021-07-06,308.52197265625,718.084228515625,623.703857421875,994.0791015625,258.7966003417969,622.1904296875
2021-07-07,307.2611389160156,720.330078125,627.2525634765625,1007.4325561523438,264.4169006347656,618.1228637695312
2021-07-08,302.2587890625,711.4165649414062,615.6475219726562,1007.9627075195312,262.07354736328125,628.6306762695312
2021-07-09,300.5099182128906,702.7838745117188,612.4344482421875,1002.6598510742188,266.4947204589844,626.5484619140625
2021-07-12,302.340087890625,695.765380859375,619.819580078125,1011.6746826171875,265.8905334472656,640.7364501953125
2021-07-13,300.3879699707031,702.7136840820312,637.7547607421875,1018.0380249023438,262.1193542480469,639.1384887695312
2021-07-14,308.3592529296875,701.4503784179688,637.1792602539062,1014.8564453125,260.12384033203125,641.947021484375
2021-07-15,313.0363464355469,711.5335693359375,640.1525268554688,1017.2666625976562,266.8974914550781,647.8546752929688
2021-07-16,309.41668701171875,712.3056640625,633.2949829101562,1006.85400390625,265.3321838378906,652.3580322265625
2021-07-19,310.880859375,688.2789916992188,629.0748291015625,979.424072265625,254.43955993652344,672.7443237304688
2021-07-20,303.3836669921875,675.2479858398438,615.6475219726562,946.3540649414062,255.54713439941406,688.3365478515625
2021-07-22,302.92547607421875,677.8448486328125,629.1229248046875,956.5739135742188,255.43727111816406,689.498779296875
2021-07-23,301.551025390625,675.0609130859375,648.976318359375,953.826171875,253.66151428222656,686.9806518554688
2021-07-26,308.3401184082031,671.22412109375,649.0720825195312,946.113037109375,250.87881469726562,686.8837890625
2021-07-27,307.5903625488281,673.6571044921875,649.74365234375,940.8101806640625,250.01840209960938,686.5448608398438
2021-07-28,299.59344482421875,663.15283203125,657.0326538085938,957.1524047851562,251.34564208984375,686.8837890625
2021-07-29,285.6821594238281,663.5973510742188,661.3131713867188,956.4774780273438,250.9887237548828,687.852294921875
2021-07-30,283.22479248046875,667.43408203125,656.503662109375,945.82373046875,254.48533630371094,685.866943359375
2021-08-02,286.9316711425781,665.6561279296875,655.4456176757812,952.57275390625,251.87657165527344,691.4356079101562
2021-08-03,283.72454833984375,671.2942504882812,664.102783203125,985.4017333984375,245.01148986816406,701.7982177734375
2021-08-04,274.72802734375,685.6119995117188,687.4290771484375,983.95556640625,241.92669677734375,702.9603271484375
2021-08-05,270.93780517578125,694.7593994140625,675.6937866210938,961.9249267578125,243.83984375,699.8612670898438
2021-08-06,264.7318115234375,698.4090576171875,671.0767211914062,992.5847778320312,240.91070556640625,686.9806518554688
2021-08-09,265.52325439453125,703.6729125976562,676.0784912109375,1005.40771484375,238.49417114257812,667.1756591796875
2021-08-10,258.1093444824219,705.4275512695312,674.202880859375,996.5376586914062,233.5055389404297,633.8604125976562
2021-08-11,253.48609924316406,699.4851684570312,667.1327514648438,1003.864990234375,237.0753936767578,647.3704833984375
2021-08-12,260.77496337890625,702.503173828125,674.6356811523438,998.2249145507812,239.71157836914062,644.2713623046875
2021-08-13,259.4838562011719,714.1069946289062,677.9542236328125,987.4264526367188,237.08456420898438,639.1869506835938
2021-08-16,258.0260314941406,716.165771484375,675.88623046875,982.4611206054688,237.37744140625,629.9865112304688
2021-08-17,256.94317626953125,708.7028198242188,674.4913940429688,969.0903930664062,234.39341735839844,623.40087890625
2021-08-18,251.90342712402344,707.9307861328125,662.0827026367188,958.8685302734375,236.86483764648438,629.1149291992188
2021-08-20,247.6133270263672,708.7495727539062,654.7722778320312,948.98583984375,229.6610565185547,619.817626953125
2021-08-23,244.8644561767578,713.3583984375,656.6961059570312,957.8511352539062,228.050048828125,614.2005615234375
2021-08-24,251.94505310058594,729.3839111328125,667.9984741210938,973.7894897460938,234.24693298339844,644.90087890625
2021-08-25,281.891845703125,728.7054443359375,664.7279663085938,974.2740478515625,232.01351928710938,639.1869506835938
2021-08-26,289.0142517089844,727.4888916015625,672.1828002929688,970.3499755859375,231.66567993164062,660.4931030273438
2021-08-27,278.7264404296875,724.517822265625,673.0965576171875,959.4014282226562,234.58563232421875,672.6473999023438
2021-08-30,296.59466552734375,733.7822265625,686.4672241210938,973.8379516601562,244.38897705078125,678.7487182617188
2021-08-31,299.7601013183594,739.93505859375,691.661376953125,961.5330810546875,247.63851928710938,678.8455810546875
2021-09-01,296.5113220214844,738.85888671875,692.4791259765625,967.6854858398438,243.46449279785156,673.0831909179688
2021-09-02,297.7191467285156,743.4910888671875,697.5291748046875,978.6824340820312,245.87185668945312,663.0111694335938
2021-09-03,299.63507080078125,737.4318237304688,696.7114868164062,972.5299682617188,247.15341186523438,674.2454223632812
2021-09-06,297.4692687988281,732.5889892578125,693.6815185546875,961.096923828125,246.4943084716797,678.6034545898438
2021-09-07,298.6355285644531,734.2501220703125,689.5933837890625,970.1077270507812,246.19223022460938,673.0831909179688
2021-09-08,299.80169677734375,737.5955810546875,693.4891357421875,968.509033203125,249.89938354492188,668.2409057617188
2021-09-09,294.761962890625,733.9459228515625,692.8157958984375,968.4121704101562,246.84217834472656,665.5292358398438
2021-09-13,302.4673767089844,727.83984375,680.455322265625,965.3116455078125,245.62474060058594,688.142822265625
2021-09-14,306.34088134765625,724.5645751953125,680.5032958984375,1004.3582153320312,247.65679931640625,682.0899658203125
2021-09-15,306.8407287597656,723.7457275390625,687.1405029296875,1021.16845703125,250.21978759765625,688.5302734375
2021-09-16,307.5487976074219,729.8985595703125,699.5010375976562,1095.773681640625,257.4693908691406,676.5696411132812
2021-09-17,313.3797912597656,740.2859497070312,692.7196044921875,1094.8531494140625,249.12136840820312,662.76904296875
2021-09-20,301.6343078613281,729.851806640625,682.9562377929688,1056.048828125,241.67042541503906,648.9684448242188
2021-09-21,304.7998046875,726.1553955078125,684.735595703125,1102.16845703125,242.338623046875,646.2567749023438
2021-09-22,306.50750732421875,717.6162719726562,676.5594482421875,1105.8984375,246.5034637451172,668.3861694335938
2021-09-23,303.5086364746094,734.6010131835938,689.6896362304688,1132.7855224609375,253.20382690429688,680.1046142578125
2021-09-24,302.50897216796875,749.3632202148438,695.4129028320312,1126.8751220703125,248.18775939941406,694.679931640625
2021-09-27,294.9285888671875,760.3821411132812,702.1944580078125,1114.9091796875,242.411865234375,729.3994750976562
2021-09-28,294.5538024902344,755.6798706054688,689.8338012695312,1099.4554443359375,240.4072723388672,715.8410034179688
2021-09-29,303.9667663574219,745.7603759765625,682.4752197265625,1088.2646484375,238.0548553466797,742.280029296875
2021-09-30,307.1322326660156,746.2750244140625,674.15478515625,1077.3162841796875,237.7801971435547,731.384765625
2021-10-01,305.92437744140625,740.5432739257812,665.978515625,1069.71044921875,236.99302673339844,757.775390625
2021-10-04,308.2152099609375,741.9703369140625,673.529541015625,1084.970458984375,247.28155517578125,768.8644409179688
2021-10-05,310.131103515625,746.509033203125,670.5474853515625,1132.252685546875,244.4439239501953,782.4229125976562
2021-10-06,305.6328430175781,755.6096801757812,663.237060546875,1096.6456298828125,238.5765838623047,787.0231323242188
2021-10-07,307.507080078125,753.5509643554688,675.4533081054688,1130.4114990234375,245.89930725097656,785.9093627929688
2021-10-08,307.6321105957031,749.8779296875,676.6076049804688,1137.8721923828125,243.65672302246094,796.1751708984375
2021-10-11,311.08905029296875,764.4529418945312,686.1304931640625,1136.7579345703125,244.37989807128906,799.8068237304688
2021-10-12,308.9232177734375,762.4877319335938,681.6094360351562,1145.1390380859375,242.50338745117188,799.4194946289062
2021-10-13,301.9258728027344,767.0732421875,682.908203125,1147.657958984375,250.1465606689453,808.1356811523438
2021-10-14,298.5937805175781,789.5323486328125,699.5972900390625,1172.3648681640625,253.28619384765625,807.9904174804688
2021-10-18,287.4731140136719,781.53125,717.0559692382812,1181.6661376953125,255.4189910888672,808.3778076171875
2021-10-19,279.93426513671875,790.1405639648438,718.979736328125,1156.862548828125,261.3229675292969,812.542236328125
2021-10-20,277.4769287109375,783.1923217773438,717.4406127929688,1164.322998046875,263.3824768066406,803.2449340820312
2021-10-21,268.0638427734375,784.3385620117188,726.72314453125,1147.561279296875,272.92962646484375,790.0253295898438
2021-10-22,264.3986511230469,786.4207763671875,730.3783569335938,1159.1878662109375,278.009765625,763.6831665039062
2021-10-25,262.0661926269531,775.3082275390625,809.6398315429688,1141.1180419921875,277.69854736328125,784.3114013671875
2021-10-26,262.10784912109375,773.3196411132812,797.8082885742188,1118.978759765625,279.3462219238281,787.7494506835938
2021-10-27,272.8536682128906,768.6640625,803.1949462890625,1107.012939453125,279.79473876953125,799.5162353515625
2021-10-28,263.7738952636719,745.6433715820312,768.2776489257812,1139.42236328125,272.5359802246094,759.5671997070312
2021-10-29,268.1888732910156,740.613525390625,771.5000610351562,1104.73583984375,262.9248046875,740.7789306640625
2021-11-01,275.1028137207031,751.1177978515625,773.2796020507812,1190.870849609375,261.9179992675781,726.397216796875
2021-11-02,285.0157165527344,751.7962646484375,770.4419555664062,1174.835693359375,288.5545959472656,728.673095703125
2021-11-03,285.93206787109375,739.9584350585938,756.0133056640625,1141.3115234375,293.3968505859375,765.0873413085938
2021-11-04,285.5571594238281,745.80712890625,752.3098754882812,1152.1148681640625,296.0513000488281,802.7122802734375
2021-11-08,289.5556335449219,748.7550048828125,750.4342651367188,1028.1446533203125,304.7563171386719,842.8067016601562
2021-11-09,288.63934326171875,735.6537475585938,756.59033203125,1035.0238037109375,297.2785949707031,836.3179931640625
2021-11-10,284.84918212890625,727.6995239257812,751.1557006835938,1000.094970703125,300.0654602050781,810.2662963867188
2021-11-11,284.72247314453125,724.4475708007812,742.0656127929688,1001.160888671875,301.0036315917969,784.35986328125
2021-11-12,281.6414794921875,726.646728515625,747.0193481445312,1004.7942504882812,298.4466552734375,815.7864379882812
2021-11-15,271.6807861328125,728.63525390625,743.8450927734375,1009.1058349609375,297.3797607421875,856.1715087890625
2021-11-16,270.7100524902344,724.3072509765625,734.9474487304688,989.1465454101562,301.4911193847656,886.3392333984375
2021-11-17,274.0021667480469,716.2593383789062,732.3021850585938,1001.839111328125,300.0010986328125,862.85400390625
2021-11-18,269.44390869140625,720.2833251953125,733.84130859375,977.0838012695312,294.5836486816406,836.3179931640625
2021-11-22,264.25250244140625,709.0302734375,723.3563842773438,975.58203125,287.2714538574219,789.5895385742188
2021-11-23,264.92779541015625,709.1239013671875,723.2120971679688,950.82666015625,292.1094665527344,822.2267456054688
2021-11-24,265.5609436035156,710.293701171875,731.2440795898438,940.2172241210938,291.91632080078125,826.8754272460938
2021-11-25,267.2491455078125,713.9900512695312,722.442626953125,929.4625854492188,288.9822082519531,858.6895751953125
2021-11-26,260.9604187011719,697.1222534179688,694.6914672851562,873.7509765625,266.1259765625,824.5027465820312
2021-11-29,254.37631225585938,702.4329223632812,691.0362548828125,867.5984497070312,258.1332092285156,795.255126953125
2021-11-30,247.8765869140625,698.8302001953125,687.1405029296875,855.5357666015625,258.767822265625,801.9374389648438
2021-12-01,252.5614013671875,704.0238037109375,699.9819946289062,904.6103515625,265.5833435058594,808.1356811523438
2021-12-02,253.74322509765625,713.8964233398438,694.8839111328125,916.1401977539062,266.5399169921875,811.6705322265625
2021-12-03,250.45114135742188,708.188232421875,689.0162353515625,921.5659790039062,266.2087707519531,803.5838623046875
2021-12-06,248.80508422851562,703.6261596679688,682.5233154296875,887.1702270507812,266.7606506347656,790.9454345703125
2021-12-07,253.44773864746094,713.873046875,706.6672973632812,897.8280639648438,269.2256164550781,791.2843627929688
2021-12-08,253.7009735107422,727.0210571289062,724.7031860351562,915.8980102539062,274.5234375,822.7593994140625
2021-12-09,253.02566528320312,714.4111328125,726.2421264648438,916.9637451171875,274.836181640625,828.0376586914062
2021-12-10,256.90869140625,712.399169921875,729.1278686523438,915.3651123046875,276.73095703125,829.7808227539062
2021-12-13,253.11009216308594,707.0652465820312,725.2802734375,909.3578491210938,271.4515075683594,827.9892578125
2021-12-14,253.57435607910156,702.994384765625,729.753173828125,916.6246337890625,254.6105194091797,829.296630859375
2021-12-15,248.17202758789062,701.84814453125,723.596923828125,909.3578491210938,249.78173828125,835.4463500976562
2021-12-16,242.98057556152344,701.8948974609375,712.919677734375,899.4267578125,244.98968505859375,833.17041015625
2021-12-17,234.11734008789062,689.2382202148438,700.5591430664062,855.5357666015625,234.30198669433594,827.4080810546875
2021-12-20,226.6890869140625,667.0598754882812,682.908203125,819.783447265625,220.8549346923828,796.417236328125
2021-12-21,229.3058319091797,674.616455078125,692.9119262695312,830.5381469726562,215.91578674316406,796.2236328125
2021-12-22,231.5427703857422,676.207275390625,704.8876953125,844.6356201171875,215.67665100097656,803.4871215820312
2021-12-23,248.93165588378906,675.6925659179688,703.4448852539062,844.005859375,222.63929748535156,809.83056640625
2021-12-24,249.1427459716797,673.259521484375,699.4049072265625,834.3652954101562,216.61480712890625,807.506103515625
2021-12-27,247.4966278076172,678.8274536132812,707.9659423828125,828.6488647460938,224.1845245361328,809.152587890625
2021-12-28,249.05828857421875,683.5064697265625,707.7734985351562,826.1296997070312,222.91522216796875,821.2584228515625
2021-12-29,250.70437622070312,680.2545776367188,707.67724609375,842.9400634765625,222.8876495361328,818.546630859375
2021-12-30,252.94122314453125,683.8339233398438,707.67724609375,857.8610229492188,220.4134521484375,815.20556640625
2021-12-31,251.71725463867188,692.2094116210938,711.9578857421875,860.5255126953125,223.87179565429688,823.7279052734375
2022-01-03,255.00933837890625,711.0423583984375,735.5726928710938,883.92431640625,230.0802459716797,887.4044799804688
2022-01-04,253.2367401123047,715.2066040039062,743.4122314453125,876.2700805664062,230.48492431640625,879.2210693359375
2022-01-05,249.90234375,732.1912841796875,758.0332641601562,875.8341064453125,229.90548706054688,878.2525024414062
2022-01-06,253.8275604248047,720.4470825195312,755.1475219726562,893.0320434570312,223.74301147460938,882.9012451171875
2022-01-07,258.0904541015625,725.5004272460938,763.0352172851562,893.5648803710938,223.5958709716797,904.4495239257812
2022-01-10,261.55133056640625,729.5243530273438,779.8685913085938,892.2083740234375,224.9571075439453,891.2783813476562
2022-01-11,262.4376525878906,732.6825561523438,779.7725219726562,889.398681640625,225.0858917236328,888.4698486328125
2022-01-12,264.92779541015625,728.3545532226562,792.3734741210938,912.2645874023438,229.0684814453125,884.7412109375
2022-01-13,264.6745910644531,714.9491577148438,793.2872924804688,898.2640991210938,229.47320556640625,893.651123046875
2022-01-14,265.01226806640625,722.9737548828125,788.7662963867188,891.4332885742188,228.1579132080078,885.2255249023438
2022-01-17,263.7882995605469,711.907958984375,788.0929565429688,891.8693237304688,227.927978515625,880.915771484375
2022-01-18,265.8984680175781,715.5341796875,791.748291015625,871.6679077148438,221.4619903564453,913.2625732421875
2022-01-19,270.4568176269531,710.4807739257812,777.800537109375,865.4669189453125,219.87998962402344,890.8909912109375
2022-01-20,271.0055236816406,706.0592041015625,779.3876953125,849.9161987304688,224.59840393066406,890.9393920898438
2022-01-21,265.85638427734375,711.9546508789062,773.856689453125,827.53466796875,220.46864318847656,874.1365966796875
2022-01-24,258.4280700683594,695.6016235351562,768.0372314453125,824.7732543945312,212.39306640625,817.1423950195312
2022-01-25,260.7916564941406,696.2567749023438,771.1152954101562,856.7467651367188,214.61891174316406,825.7133178710938
2022-01-27,269.9080810546875,690.127197265625,764.3818969726562,860.47705078125,228.30506896972656,818.546630859375
2022-01-28,263.15521240234375,684.6527709960938,751.3961791992188,875.446533203125,228.62698364257812,849.1017456054688
2022-01-31,265.0965576171875,695.1572265625,758.7547607421875,844.9747314453125,225.96885681152344,855.8809204101562
2022-02-01,264.6324157714844,700.4443969726562,779.435791015625,893.6133422851562,235.5068817138672,849.7313232421875
2022-02-02,268.47314453125,716.4464721679688,782.7543334960938,945.0133056640625,236.159912109375,859.5127563476562
2022-02-03,269.2328186035156,709.0302734375,778.13720703125,928.5419921875,232.37045288085938,837.916015625
2022-02-04,268.5153503417969,713.0776977539062,774.3857421875,926.3135375976562,226.85182189941406,807.9420166015625
2022-02-07,269.82373046875,686.9454956054688,756.4462280273438,904.0289306640625,224.20289611816406,802.2764282226562
2022-02-08,270.2035827636719,683.9977416992188,762.3137817382812,908.5343017578125,228.1487274169922,786.781005859375
2022-02-09,270.92108154296875,700.72509765625,772.2214965820312,937.068359375,229.0500946044922,812.8811645507812
2022-02-10,271.4275207519531,713.5923461914062,774.818603515625,942.1065673828125,232.81195068359375,807.8935546875
2022-02-11,271.4697570800781,710.6680297851562,760.6785278320312,951.8441162109375,227.2841339111328,811.0895385742188
2022-02-14,262.5220947265625,689.5422973632812,724.99169921875,912.31298828125,213.54278564453125,789.5411376953125
2022-02-15,259.4410705566406,710.1767578125,746.4903564453125,939.5390014648438,222.21621704101562,789.2989501953125
2022-02-16,263.9570617675781,709.2174682617188,734.9474487304688,938.2794799804688,224.53399658203125,801.6953735351562
2022-02-17,265.8984680175781,704.889404296875,721.769287109375,926.0713500976562,234.9918212890625,784.4083251953125
2022-02-18,267.58685302734375,707.6266479492188,720.3745727539062,925.6353149414062,231.4322967529297,770.8013305664062
2022-02-21,266.74273681640625,712.188720703125,725.713134765625,922.8256225585938,224.46044921875,760.4871826171875
2022-02-22,265.8984680175781,706.8545532226562,722.68310546875,909.8907470703125,221.51718139648438,727.2689208984375
2022-02-23,265.85638427734375,702.2692260742188,716.23828125,921.1300048828125,216.16412353515625,752.4973754882812
2022-02-24,260.7493896484375,664.1354370117188,680.455322265625,848.4144287109375,196.57302856445312,699.716064453125
2022-02-25,270.2457275390625,681.3073120117188,702.2424926757812,898.215576171875,207.40792846679688,706.2531127929688
2022-02-28,274.67742919921875,667.3406372070312,714.4107055664062,892.0631103515625,206.80088806152344,714.3883056640625
2022-03-02,265.6875,643.0098266601562,687.6213989257812,878.1593627929688,201.53060913085938,693.0820922851562
2022-03-03,265.85638427734375,641.4891967773438,671.7018432617188,883.8759765625,203.35174560546875,650.4695434570312
2022-03-04,264.1681213378906,639.383544921875,661.84228515625,873.847900390625,200.35328674316406,636.523681640625
2022-03-07,268.13543701171875,619.8722534179688,628.8486938476562,808.4473266601562,187.8720245361328,599.140869140625
2022-03-08,273.9177551269531,621.2760009765625,639.6702270507812,814.5513916015625,191.60630798339844,612.941650390625
2022-03-09,286.7906188964844,641.5593872070312,642.0269165039062,848.1235961914062,195.33135986328125,621.7061767578125
2022-03-10,285.4822082519531,651.6425170898438,650.828369140625,876.1731567382812,198.578125,637.2499389648438
2022-03-11,289.53399658203125,653.5609741210938,652.0789184570312,873.7025756835938,202.94032287597656,632.7466430664062
2022-03-14,296.4558410644531,674.9673461914062,669.6337280273438,879.3705444335938,206.98634338378906,641.3175659179688
2022-03-15,293.5435791015625,666.2877807617188,670.7880249023438,868.76123046875,202.7915496826172,643.4482421875
2022-03-16,304.89703369140625,677.5875244140625,681.0323486328125,899.765869140625,206.39105224609375,651.8738403320312
2022-03-17,291.55987548828125,692.5135498046875,692.6715087890625,903.4476318359375,210.1208038330078,657.63623046875
2022-03-21,287.3392028808594,695.5313720703125,683.6776733398438,884.9901733398438,202.09397888183594,655.1666259765625
2022-03-22,283.7939453125,699.1107788085938,690.8439331054688,898.8453979492188,204.27972412109375,672.5021362304688
2022-03-23,282.4433898925781,692.13916015625,690.9400634765625,902.3817749023438,203.91696166992188,660.3478393554688
2022-03-24,288.3944091796875,675.0140991210938,677.3771362304688,896.0355834960938,203.2100830078125,633.1824340820312
2022-03-25,292.27734375,669.5162963867188,672.6156616210938,897.4405517578125,205.1819305419922,628.6791381835938
2022-03-28,289.7872009277344,670.4052734375,683.2928466796875,906.063720703125,207.5164794921875,620.5923461914062
2022-03-29,293.5435791015625,679.2953491210938,688.0543212890625,900.2503051757812,208.97674560546875,616.5733642578125
2022-03-30,294.68316650390625,691.06298828125,703.0601196289062,897.4889526367188,209.17210388183594,642.0923461914062
2022-03-31,291.5177001953125,687.974853515625,702.4829711914062,906.3058471679688,211.10671997070312,627.8558349609375
2022-04-01,294.8941955566406,704.655517578125,708.2064208984375,938.4732055664062,219.75672912597656,610.859375
2022-04-04,296.8778381347656,775.2147216796875,718.1621704101562,956.4947509765625,219.31956481933594,618.8975830078125
2022-04-05,300.0433654785156,752.4981079101562,713.544921875,942.9785766601562,217.73838806152344,634.3930053710938
2022-04-06,302.7867126464844,725.6406860351562,713.3525390625,938.1825561523438,217.0966033935547,639.0416870117188
2022-04-07,304.68603515625,709.6854248046875,720.037841796875,942.3488159179688,218.40805053710938,640.203857421875
2022-04-08,308.1468505859375,708.7028198242188,725.5687866210938,954.9444580078125,224.5653839111328,638.1216430664062
2022-04-11,313.16943359375,700.0467529296875,730.6668701171875,949.9546508789062,227.61611938476562,667.9019775390625
2022-04-12,308.73773193359375,698.8067626953125,734.7550048828125,954.4599609375,219.67298889160156,646.450439453125
2022-04-13,305.23468017578125,685.4482421875,733.2160034179688,952.81298828125,220.24032592773438,688.8206787109375
2022-04-18,313.16943359375,652.92919921875,728.9354858398438,947.0480346679688,216.57574462890625,655.2150268554688
2022-04-19,315.3219299316406,628.013671875,737.1116943359375,933.822509765625,208.0838623046875,651.3895874023438
2022-04-20,315.1531066894531,633.67529296875,726.7711791992188,942.3004150390625,207.274658203125,642.3344116210938
2022-04-21,333.6816101074219,643.0565795898438,733.3121948242188,958.48095703125,214.0830535888672,651.825439453125
2022-04-22,348.3694152832031,634.2835083007812,719.172119140625,929.9954833984375,206.11203002929688,628.5337524414062
2022-04-25,351.23931884765625,639.03271484375,723.548828125,917.1090698242188,203.99139404296875,617.6869506835938
2022-04-26,331.5290832519531,641.9804077148438,725.039794921875,949.9546508789062,215.2736053466797,630.0349731445312
2022-04-27,327.35064697265625,642.2144165039062,708.63916015625,944.1897583007812,212.29725646972656,627.0326538085938
2022-04-28,328.6590881347656,641.6529541015625,718.6912231445312,957.6089477539062,212.39955139160156,627.4200439453125
2022-04-29,327.0973815917969,647.8525390625,714.98779296875,948.1138305664062,223.6073760986328,619.3818969726562
2022-05-02,322.4969482421875,656.7894287109375,712.775390625,986.43359375,228.85317993164062,606.9370727539062
2022-05-04,315.6174011230469,634.470703125,696.6633911132812,947.87158203125,213.72030639648438,618.2681274414062
2022-05-05,314.9421081542969,633.0435180664062,701.0401000976562,907.6622924804688,216.073486328125,602.821044921875
2022-05-06,320.5133056640625,616.5033569335938,691.8538208007812,886.927978515625,220.2124481201172,617.8323364257812
2022-05-09,314.477783203125,617.5560302734375,683.2928466796875,862.0272827148438,215.22708129882812,586.4540405273438
2022-05-10,311.1435852050781,627.4755859375,684.2066650390625,882.422607421875,215.85028076171875,577.3988037109375
2022-05-11,308.8644104003906,631.0082397460938,686.9961547851562,894.6306762695312,208.3442840576172,538.2245483398438
2022-05-12,309.11767578125,616.7843627929688,669.2970581054688,842.8432006835938,198.06655883789062,538.6118774414062
2022-05-13,319.54254150390625,611.2462158203125,651.5497436523438,845.2169189453125,197.48062133789062,567.7626342773438
2022-05-16,332.28875732421875,617.754638671875,656.984619140625,858.3455200195312,202.86593627929688,574.4451293945312
2022-05-17,340.41943359375,621.9674682617188,682.9562377929688,875.7371826171875,206.2515411376953,584.7591552734375
2022-05-18,377.3499755859375,621.920166015625,680.4071655273438,875.0590209960938,204.1959991455078,574.7355346679688
2022-05-19,357.96466064453125,609.2109985351562,664.0065307617188,839.3067016601562,200.6243896484375,577.6409912109375
2022-05-20,363.65618896484375,625.2570190429688,682.5233154296875,868.6157836914062,203.87974548339844,574.4934692382812
2022-05-23,357.2372131347656,617.2340698242188,683.9661865234375,874.3323364257812,211.44154357910156,568.1985473632812
2022-05-24,365.7102355957031,624.3104858398438,681.1766357421875,870.0206909179688,209.78598022460938,569.070068359375
2022-05-25,350.26190185546875,628.972900390625,686.1785888671875,865.563720703125,207.8234405517578,561.8065795898438
2022-05-26,347.35205078125,646.9122924804688,700.75146484375,869.6815795898438,213.3017578125,573.5734252929688
2022-05-27,347.90826416015625,658.9114990234375,711.62109375,896.616943359375,212.5204620361328,575.1228637695312
2022-05-30,344.48480224609375,663.4083251953125,719.9896850585938,907.0810546875,217.9988250732422,569.3606567382812
2022-05-31,339.906005859375,657.4442138671875,724.1740112304688,901.8973388671875,218.79872131347656,583.7907104492188
2022-06-01,334.2145080566406,660.2369384765625,723.981689453125,899.4751586914062,220.4263916015625,574.8324584960938
2022-06-02,347.2663879394531,655.621826171875,721.192138671875,913.6210327148438,221.90528869628906,582.1928100585938
2022-06-03,349.79119873046875,653.349853515625,715.9497680664062,895.5512084960938,219.22654724121094,566.794189453125
2022-06-06,347.1380310058594,652.47412109375,718.3063354492188,899.8627319335938,220.58450317382812,588.7783203125
2022-06-07,340.6334533691406,644.9717407226562,707.244384765625,894.9697875976562,219.37538146972656,575.3651123046875
2022-06-08,351.8023681640625,647.2437133789062,701.7135620117188,885.2808227539062,218.62197875976562,573.0892333984375
2022-06-09,347.39483642578125,652.119140625,704.8397216796875,891.675537109375,217.23609924316406,561.4675903320312
2022-06-10,338.06585693359375,639.5283203125,692.5753173828125,884.79638671875,216.77105712890625,557.9811401367188
2022-06-13,324.75726318359375,627.9315795898438,661.794189453125,838.5316162109375,210.92999267578125,548.2965087890625
2022-06-14,325.2278747558594,621.020751953125,659.389404296875,817.9425048828125,211.96240234375,545.6817016601562
2022-06-15,338.36541748046875,618.8670654296875,661.07275390625,817.0704345703125,213.92495727539062,545.8753662109375
2022-06-16,327.3675842285156,606.4892578125,652.656005859375,784.418701171875,212.57626342773438,541.3236083984375
2022-06-17,338.92169189453125,610.4889526367188,660.6879272460938,781.8026733398438,213.74819946289062,548.7322998046875
2022-06-20,316.66925048828125,625.8251342773438,659.822265625,759.6633911132812,211.86007690429688,509.1221008300781
2022-06-21,320.3494873046875,632.6412353515625,669.5856323242188,774.0029907226562,218.38014221191406,510.5263671875
2022-06-22,314.3583984375,629.6592407226562,660.447509765625,753.46240234375,217.94302368164062,509.4610290527344
2022-06-23,321.16253662109375,631.9785766601562,672.5194702148438,760.5354614257812,222.8167724609375,508.7346496582031
2022-06-24,316.92608642578125,640.806396484375,686.2747802734375,781.4151611328125,231.6527862548828,536.9171142578125
2022-06-27,312.51837158203125,641.966064453125,690.0262451171875,797.8863525390625,232.9828643798828,555.947265625
2022-06-28,335.7977600097656,637.0669555664062,683.2448120117188,791.200927734375,232.72244262695312,546.3111572265625
2022-06-29,337.85186767578125,636.1439208984375,675.9823608398438,783.6435546875,227.7091522216797,544.1805419921875
2022-06-30,338.579345703125,638.0609741210938,680.2628173828125,769.64306640625,238.35888671875,544.0352783203125
2022-07-01,334.64239501953125,640.7826538085938,677.0885620117188,782.0933227539062,235.4476318359375,558.5138549804688
2022-07-04,339.6920166015625,641.6820678710938,692.6715087890625,806.1220092773438,235.2895050048828,570.6680297851562
2022-07-05,344.9984130859375,640.2383422851562,692.0462646484375,798.4192504882812,237.62408447265625,558.3685302734375
2022-07-06,348.16497802734375,649.066162109375,698.2986450195312,810.5304565429688,238.86114501953125,563.5013427734375
2022-07-07,341.7460632324219,660.6865844726562,713.7373046875,834.2200317382812,243.36289978027344,578.4157104492188
2022-07-08,347.4375305175781,661.3018798828125,726.9154663085938,822.2056274414062,238.1914825439453,584.1297607421875
2022-07-11,350.26190185546875,665.5856323242188,740.1898803710938,831.65234375,233.671142578125,574.00927734375
2022-07-12,346.4962158203125,658.7932739257812,730.95556640625,820.703857421875,229.9785919189453,581.2243041992188
2022-07-13,338.4082336425781,642.7232666015625,724.5106811523438,793.5747680664062,236.04290771484375,601.368408203125
2022-07-14,333.7438049316406,639.5046997070312,723.7412109375,795.3672485351562,240.88877868652344,605.484375
2022-07-15,336.1829833984375,644.7114868164062,722.5869750976562,789.69921875,244.5534210205078,600.5935668945312
2022-07-18,353.2574768066406,637.8480224609375,742.5947265625,824.5794677734375,259.8908996582031,600.4967041015625
2022-07-19,377.4355773925781,638.0845947265625,750.9152221679688,841.09912109375,258.8584289550781,602.7243041992188
2022-07-20,386.20819091796875,646.13134765625,753.2718505859375,851.9507446289062,261.9278259277344,600.254638671875
2022-07-21,389.75994873046875,644.0960083007812,756.0613403320312,918.6109008789062,271.94512939453125,599.9157104492188
2022-07-22,392.7983093261719,659.12451171875,769.5762329101562,913.1365966796875,278.3070068359375,602.62744140625
2022-07-25,397.3771667480469,661.0652465820312,770.3939208984375,932.126953125,278.3814392089844,599.8187866210938
2022-07-26,387.57757568359375,659.71630859375,765.9690551757812,931.6909790039062,275.0051574707031,589.9405517578125
2022-07-27,387.3636474609375,664.75732421875,770.0090942382812,949.3248901367188,269.8802795410156,591.780517578125
2022-07-28,387.2779846191406,670.6503295898438,783.572021484375,986.0460815429688,271.7684020996094,603.6926879882812
2022-07-29,405.8502197265625,678.8627319335938,787.4196166992188,1011.0436401367188,256.6634521484375,609.6487426757812
2022-08-01,431.35491943359375,684.5191650390625,792.036865234375,1007.7977905273438,255.75186157226562,608.9708251953125
2022-08-02,441.45404052734375,676.9930419921875,786.60205078125,1034.054931640625,256.5425109863281,606.5496826171875
2022-08-03,440.5982971191406,678.5787963867188,793.3834838867188,1025.3834228515625,253.0359649658203,603.3536987304688
2022-08-04,439.742431640625,677.7741088867188,789.0067749023438,1017.5352172851562,252.97093200683594,604.806396484375
2022-08-05,434.0509338378906,675.4784545898438,806.2730712890625,1004.0675659179688,253.44525146484375,613.66796875
2022-08-08,444.8775634765625,692.0452880859375,809.9019165039062,1017.5352172851562,258.9886779785156,607.8087158203125
2022-08-10,451.9692687988281,694.0570068359375,821.320556640625,1030.033935546875,259.7606506347656,621.4155883789062
2022-08-11,449.9368591308594,703.2398071289062,831.916748046875,1054.060791015625,261.5557861328125,634.3930053710938
2022-08-12,453.13690185546875,702.9794921875,846.1417236328125,1055.28173828125,254.46841430664062,624.7084350585938
2022-08-16,442.5857238769531,711.0262451171875,850.8348999023438,1059.1885986328125,253.86380004882812,624.46630859375
2022-08-17,444.7478332519531,714.6945190429688,854.7056274414062,1063.241943359375,252.1616973876953,625.9189453125
2022-08-18,447.6451110839844,715.5465698242188,856.4957885742188,1079.357666015625,250.8409423828125,624.5631713867188
2022-08-19,447.55853271484375,706.71875,842.2709350585938,1038.5313720703125,250.54330444335938,626.0158081054688
2022-08-22,449.89373779296875,695.9739990234375,824.7074584960938,1032.5733642578125,244.2185516357422,614.0068359375
2022-08-23,475.36346435546875,693.8203125,835.98095703125,1046.100830078125,248.63658142089844,618.364990234375
2022-08-24,472.7255859375,697.1573486328125,845.0772094726562,1076.2322998046875,249.8363800048828,626.0158081054688
2022-08-25,467.70953369140625,693.3706665039062,844.1578369140625,1064.560546875,246.42291259765625,631.439208984375
2022-08-26,476.444580078125,693.4889526367188,842.706298828125,1044.8311767578125,248.031982421875,626.4032592773438
2022-08-29,480.85528564453125,681.32421875,828.1911010742188,1034.5267333984375,246.4601287841797,625.6768188476562
2022-08-30,492.66033935546875,703.4290771484375,858.6246948242188,1081.65283203125,251.99427795410156,623.9337158203125
2022-09-01,494.9522705078125,696.8260498046875,846.0931396484375,1085.5108642578125,247.26934814453125,613.038330078125
2022-09-02,490.19561767578125,703.14501953125,844.206298828125,1075.1090087890625,243.42799377441406,609.842529296875
2022-09-05,464.16363525390625,707.6654663085938,853.9315185546875,1082.1900634765625,245.6974639892578,601.6588745117188
2022-09-06,464.8555908203125,704.9674072265625,855.0926513671875,1082.9715576171875,257.5935363769531,603.5958251953125
2022-09-07,482.541748046875,701.6304321289062,847.8834838867188,1064.560546875,254.2172393798828,605.2421875
2022-09-08,464.336669921875,708.8724975585938,869.7530517578125,1082.483154296875,253.2592315673828,599.1893310546875
2022-09-09,457.2882080078125,709.3458251953125,872.1239013671875,1110.6610107421875,246.31130981445312,610.4719848632812
2022-09-12,444.3586730957031,706.9555053710938,877.8816528320312,1110.3680419921875,247.1298065185547,610.0361938476562
2022-09-13,458.3259582519531,716.209228515625,880.5911254882812,1136.6903076171875,247.89251708984375,602.2884521484375
2022-09-14,466.6717224121094,723.5696411132812,888.4293212890625,1187.43017578125,248.27383422851562,603.0631713867188
2022-09-15,474.4986267089844,719.8065795898438,887.9454345703125,1167.99365234375,246.65545654296875,603.3551025390625
2022-09-16,469.9582214355469,706.5767822265625,879.7201538085938,1198.7598876953125,238.86114501953125,603.11181640625
2022-09-19,458.58538818359375,711.2391967773438,870.14013671875,1197.197265625,239.39129638671875,593.3803100585938
2022-09-20,466.62847900390625,719.8065795898438,887.1229248046875,1234.65380859375,241.10272216796875,581.2158813476562
2022-09-21,462.1312255859375,718.6942749023438,885.67138671875,1195.7320556640625,236.76840209960938,575.9121704101562
2022-09-22,466.7150573730469,703.3817749023438,874.2044677734375,1188.2115478515625,233.866455078125,575.5230102539062
2022-09-23,453.0071105957031,684.5191650390625,853.7379150390625,1155.7847900390625,223.81198120117188,567.3970947265625
2022-09-26,424.16448974609375,675.2890625,833.2230224609375,1122.821044921875,218.566162109375,555.1353149414062
2022-09-27,453.4827575683594,669.2303466796875,824.9977416992188,1137.9599609375,216.7245635986328,561.9474487304688
2022-09-28,447.8180236816406,657.7281494140625,822.0462646484375,1114.3238525390625,218.556884765625,546.036376953125
2022-09-29,453.8287353515625,654.3201293945312,816.6272583007812,1115.642333984375,224.94671630859375,535.38037109375
2022-09-30,467.40679931640625,672.7803955078125,834.142333984375,1157.5916748046875,222.77024841308594,532.31494140625
2022-10-03,462.260986328125,668.9226684570312,820.9334716796875,1129.316162109375,217.5802459716797,530.952392578125
2022-10-04,466.7150573730469,687.7615356445312,839.6098022460938,1190.8486328125,223.1981201171875,534.9425048828125
2022-10-06,463.94744873046875,680.1881713867188,856.83447265625,1172.926025390625,222.80746459960938,549.6370849609375
2022-10-07,480.63897705078125,677.2533569335938,854.0281372070312,1185.1348876953125,223.05859375,548.1773681640625
2022-10-10,459.5799865722656,669.7747192382812,853.2540283203125,1182.1070556640625,219.0870361328125,566.1320190429688
2022-10-11,457.97998046875,662.9822998046875,842.4644165039062,1137.4715576171875,218.361572265625,557.762939453125
2022-10-12,440.4236145019531,667.3133544921875,840.287109375,1161.3521728515625,225.45826721191406,539.7595825195312
2022-10-13,441.37493896484375,659.6452026367188,826.0137939453125,1156.6639404296875,221.17979431152344,531.4390869140625
2022-10-14,444.5315246582031,681.1348266601562,842.125732421875,1154.07568359375,220.23109436035156,533.9693603515625
2022-10-17,450.84490966796875,684.70849609375,856.592529296875,1171.7052001953125,221.81224060058594,544.9658813476562
2022-10-18,449.59100341796875,683.4304809570312,867.91455078125,1194.75537109375,227.7184600830078,539.2730712890625
2022-10-19,444.0992126464844,690.4359130859375,863.2695922851562,1190.018310546875,225.93263244628906,543.116943359375
2022-10-20,437.52630615234375,685.7736206054688,859.93115234375,1132.929931640625,226.1651611328125,536.986083984375
2022-10-21,447.7315673828125,680.9454956054688,877.833251953125,1115.642333984375,222.79815673828125,524.8702392578125
2022-10-24,441.3316955566406,691.5718994140625,896.3643188476562,1119.1583251953125,223.04000854492188,530.3199462890625
2022-10-25,453.91522216796875,686.7675170898438,895.1547241210938,1110.9539794921875,226.40695190429688,529.1035766601562
2022-10-27,459.320556640625,688.4242553710938,894.5257568359375,1115.8863525390625,231.950439453125,526.4760131835938
2022-10-28,474.7580261230469,690.4595947265625,878.510498046875,1120.2816162109375,237.121826171875,526.18408203125
2022-10-31,481.84979248046875,708.4464721679688,879.3331909179688,1116.032958984375,228.64854431152344,521.9022216796875
2022-11-01,479.0823059082031,716.2802124023438,879.236328125,1124.3349609375,224.6584014892578,526.6220092773438
2022-11-02,486.17401123046875,716.7298583984375,875.46240234375,1111.6866455078125,224.67697143554688,528.1304321289062
2022-11-03,479.9038391113281,713.5822143554688,879.2847900390625,1121.2584228515625,230.71337890625,525.4055786132812
2022-11-04,479.6011657714844,708.6595458984375,876.04296875,1125.848876953125,234.30360412597656,515.9658813476562
2022-11-07,521.3300170898438,714.1738891601562,887.8487548828125,1117.498046875,239.80984497070312,526.962646484375
2022-11-09,504.1628723144531,713.9608154296875,881.0748901367188,1122.235107421875,237.23345947265625,526.5245971679688
2022-11-10,492.2712097167969,721.7236328125,881.2684936523438,1101.0892333984375,231.62490844726562,512.5599365234375
2022-11-11,501.8709716796875,762.6201782226562,877.2525634765625,1113.4447021484375,237.503173828125,515.1875
2022-11-14,526.1300048828125,764.4661254882812,866.0275268554688,1126.0928955078125,235.45692443847656,519.4205932617188
2022-11-15,531.5784912109375,766.3358764648438,882.2361450195312,1125.995361328125,233.0293426513672,518.6421508789062
2022-11-16,521.5029907226562,772.915283203125,884.07470703125,1117.4490966796875,229.48565673828125,519.3720092773438
2022-11-17,530.929931640625,765.93359375,890.0744018554688,1119.7933349609375,237.29856872558594,521.1722412109375
2022-11-18,539.3622436523438,763.921875,890.6065673828125,1102.359130859375,232.7595977783203,510.1270446777344
2022-11-21,545.50244140625,756.0880126953125,891.622802734375,1112.468017578125,241.8560791015625,504.3367919921875
2022-11-22,552.4138793945312,754.9756469726562,893.848388671875,1142.1597900390625,250.4781951904297,499.0330810546875
2022-11-23,559.4124755859375,756.9401245117188,897.4772338867188,1146.9945068359375,248.1994171142578,481.7596130371094
2022-11-24,560.812255859375,769.2469482421875,908.5087280273438,1148.1666259765625,244.00462341308594,481.66229248046875
2022-11-25,583.032958984375,765.6968383789062,900.2349853515625,1159.447509765625,238.13565063476562,503.8015441894531
2022-11-28,606.1284790039062,757.4607543945312,907.1056518554688,1169.9471435546875,235.27093505859375,510.7596130371094
2022-11-29,600.7046508789062,756.32470703125,916.1535034179688,1153.0989990234375,236.30331420898438,499.22772216796875
2022-11-30,580.58349609375,761.3421020507812,922.1046752929688,1140.5970458984375,251.12928771972656,489.5447998046875
2022-12-01,594.0995483398438,766.5724487304688,909.815185546875,1146.5550537109375,239.38197326660156,488.3283996582031
2022-12-02,607.0909423828125,760.703125,900.5253295898438,1151.2431640625,240.03309631347656,497.5733642578125
2022-12-05,604.5537719726562,763.4721069335938,903.4283447265625,1167.65185546875,240.87017822265625,510.5162658691406
2022-12-06,596.6804809570312,762.6201782226562,892.8323364257812,1156.517333984375,246.76707458496094,510.02972412109375
2022-12-07,598.736328125,762.2887573242188,892.3485107421875,1137.5205078125,248.3761444091797,527.7410888671875
2022-12-08,604.5100708007812,766.5724487304688,901.7833251953125,1163.110107421875,248.9342498779297,529.6874389648438
2022-12-09,594.5370483398438,772.0396118164062,899.8480224609375,1174.48876953125,250.02247619628906,518.0581665039062
2022-12-12,601.5794677734375,778.0509643554688,900.2349853515625,1178.6397705078125,253.64984130859375,501.2226867675781
2022-12-13,624.9811401367188,780.2046508789062,902.7993774414062,1206.182861328125,254.07774353027344,493.9726867675781
2022-12-14,628.0432739257812,786.8078002929688,891.9613647460938,1223.958984375,256.440185546875,489.8367614746094
2022-12-15,599.6986083984375,772.3945922851562,879.4298095703125,1210.7244873046875,259.1654968261719,495.4810791015625
2022-12-16,612.25244140625,776.1102905273438,872.849609375,1200.90869140625,254.93341064453125,482.7814025878906
2022-12-19,620.0821533203125,778.5243530273438,877.1558837890625,1195.04833984375,255.26821899414062,478.4995422363281
2022-12-20,634.9105834960938,773.1519165039062,880.3008422851562,1200.0296630859375,258.4306335449219,476.4559020996094
2022-12-21,627.9557495117188,765.6731567382812,863.4147338867188,1173.8050537109375,254.7380828857422,470.0331115722656
2022-12-22,627.8246459960938,763.0462036132812,861.8665161132812,1152.6595458984375,249.15745544433594,454.26800537109375
2022-12-23,569.1231079101562,756.2300415039062,850.4962158203125,1121.1116943359375,242.10719299316406,440.9844665527344
2022-12-26,581.7644653320312,771.2821655273438,864.3341064453125,1167.8470458984375,251.3432159423828,465.70257568359375
2022-12-27,595.2368774414062,772.0632934570312,871.5432739257812,1174.3421630859375,256.5052795410156,465.6539001464844
2022-12-28,576.9090576171875,771.4478759765625,869.8982543945312,1185.867431640625,258.3097229003906,458.7931823730469
2022-12-29,581.80810546875,776.8912963867188,878.7041625976562,1202.471435546875,244.10696411132812,456.1170349121094
2022-12-30,586.9259643554688,770.6668090820312,862.0599365234375,1191.6787109375,256.13330078125,462.1992492675781
2023-01-02,591.6936645507812,770.9271240234375,873.28515625,1197.783203125,257.7888488769531,465.751220703125
2023-01-03,579.052490234375,775.96826171875,872.2205810546875,1212.0430908203125,253.81146240234375,461.90728759765625
2023-01-04,581.2833251953125,762.0994873046875,870.0433349609375,1194.60888671875,249.8058319091797,470.8116149902344
2023-01-05,568.2483520507812,757.200439453125,850.7380981445312,1187.5277099609375,248.21676635742188,488.9123229980469
2023-01-06,566.8048095703125,754.6917114257812,841.9805297851562,1154.36865234375,243.46829223632812,485.89556884765625
2023-01-09,565.66748046875,756.1589965820312,845.12548828125,1190.2625732421875,247.9722442626953,492.4156494140625
2023-01-10,577.0841064453125,742.3375854492188,833.5133056640625,1198.955322265625,250.8495330810547,485.94415283203125
2023-01-11,566.586181640625,753.0349731445312,838.3033447265625,1184.9884033203125,250.96237182617188,475.7261047363281
2023-01-12,562.0806274414062,757.0584106445312,832.8359985351562,1180.98388671875,246.85333251953125,480.251220703125
2023-01-13,544.3653564453125,757.6500854492188,845.2223510742188,1205.645751953125,241.3150634765625,486.528076171875
2023-01-16,547.3834228515625,750.3843383789062,837.287353515625,1210.3826904296875,239.34042358398438,497.5246887207031
2023-01-17,555.563232421875,761.5550537109375,837.1905517578125,1201.68994140625,239.14297485351562,497.18408203125
2023-01-18,568.1607055664062,774.9979248046875,841.39990234375,1194.51123046875,241.4654998779297,501.3686828613281
2023-01-19,569.5604858398438,778.2166137695312,838.1582641601562,1172.5843505859375,243.49652099609375,503.2176208496094
2023-01-20,553.857177734375,786.1923828125,842.222412109375,1174.43994140625,240.2054901123047,506.0884704589844
2023-01-23,555.869384765625,791.9434814453125,843.5288696289062,1176.637451171875,241.57830810546875,542.7276611328125
2023-01-24,555.5194091796875,802.5462646484375,842.6095581054688,1184.060546875,237.9488067626953,534.8451538085938
2023-01-25,553.419921875,780.370361328125,827.6587524414062,1129.218505859375,235.86134338378906,532.4121704101562
2023-01-27,548.4769897460938,764.8211059570312,790.7902221679688,1090.39453125,233.388427734375,530.90380859375
2023-01-30,546.5523071289062,764.0401000976562,796.8865356445312,1063.681640625,233.9149932861328,523.2160034179688
2023-01-31,561.2494506835938,758.9990844726562,805.0150756835938,1057.7236328125,241.95445251464844,526.865234375
2023-02-01,550.8828125,770.3829345703125,820.5464477539062,1017.5809936523438,243.97605895996094,521.3670043945312
2023-02-02,558.9313354492188,758.9280395507812,830.1749267578125,1050.837890625,237.79835510253906,522.7293701171875
2023-02-03,563.0429077148438,785.1746826171875,835.8841552734375,1077.8438720703125,240.5345916748047,515.3820190429688
2023-02-06,533.6047973632812,781.8377075195312,826.110595703125,1102.847412109375,243.28024291992188,522.5833740234375
2023-02-07,544.015380859375,782.997314453125,825.1913452148438,1116.2772216796875,242.8383026123047,525.3081665039062
2023-02-08,549.3518676757812,782.902587890625,831.3360595703125,1118.6700439453125,245.91302490234375,523.167236328125
2023-02-09,539.3350219726562,781.2697143554688,832.9811401367188,1136.6903076171875,247.3046112060547,521.9995727539062
2023-02-10,548.4521484375,784.3700561523438,826.255615234375,1134.1507568359375,240.449951171875,519.76123046875
2023-02-13,503.7955322265625,784.961669921875,823.1591186523438,1130.390380859375,236.2186737060547,520.6370849609375
2023-02-14,502.77734375,792.2273559570312,837.3357543945312,1129.9022216796875,238.8702850341797,525.3568725585938
2023-02-15,503.17572021484375,790.6181640625,842.657958984375,1122.821044921875,239.34042358398438,526.670654296875
2023-02-16,508.6194763183594,787.7545166015625,841.3516235351562,1121.60009765625,236.7076416015625,530.1253051757812
2023-02-17,521.80859375,783.8021240234375,834.7713623046875,1088.7340087890625,232.0814208984375,525.4542236328125
2023-02-20,530.6602783203125,776.4415283203125,824.5621948242188,1083.4598388671875,232.66441345214844,536.0615844726562
2023-02-21,523.8887329101562,779.3526000976562,826.594482421875,1076.085693359375,228.48013305664062,540.1001586914062
2023-02-22,504.1494140625,764.0637817382812,812.1275634765625,1067.29541015625,227.18252563476562,536.840087890625
2023-02-23,503.219970703125,758.8807373046875,812.6113891601562,1050.544921875,225.72508239746094,536.1102905273438
2023-02-24,507.9115295410156,752.1119384765625,812.5630493164062,1054.01220703125,229.13833618164062,536.3536376953125
2023-02-27,492.0225830078125,753.981689453125,828.7233276367188,1056.7469482421875,226.21405029296875,527.1085815429688
2023-02-28,487.9065246582031,757.153076171875,827.2234497070312,1052.595947265625,226.2986602783203,523.8484497070312
2023-03-01,502.15771484375,756.4194946289062,828.6265869140625,1074.81591796875,229.7401123046875,524.23779296875
2023-03-02,524.9952392578125,749.9818725585938,826.40087890625,1076.378662109375,227.47402954101562,524.3350830078125
2023-03-03,513.2223510742188,764.868408203125,840.4806518554688,1100.1614990234375,228.84686279296875,525.8921508789062
2023-03-06,515.5682373046875,770.2645263671875,839.7064819335938,1094.49658203125,234.47915649414062,523.5078735351562
2023-03-08,537.2548828125,771.8029174804688,843.9158935546875,1146.8968505859375,238.9173126220703,526.330078125
2023-03-09,548.1423950195312,771.8739013671875,828.287841796875,1142.550537109375,242.66905212402344,520.9776611328125
2023-03-10,536.7679443359375,751.9700317382812,815.417724609375,1118.1329345703125,238.76687622070312,523.5078735351562
2023-03-13,513.355224609375,742.4559326171875,801.6282958984375,1035.4058837890625,236.5854034423828,520.6857299804688
2023-03-14,517.4270629882812,740.4677734375,803.5151977539062,1039.215087890625,233.0029296875,521.1722412109375
2023-03-15,521.9414672851562,729.8414306640625,799.208984375,1020.022705078125,231.2257843017578,520.3451538085938
2023-03-16,523.2691040039062,734.57470703125,797.273681640625,994.0911865234375,235.109130859375,507.6455078125
2023-03-17,526.588623046875,744.3966064453125,809.2245483398438,996.7283325195312,234.31930541992188,501.6119079589844
2023-03-20,521.4545288085938,739.2371215820312,809.4180297851562,978.9522094726562,229.37339782714844,488.3770446777344
2023-03-21,535.2631225585938,747.6152954101562,824.8525390625,999.0235595703125,237.046142578125,497.33001708984375
2023-03-22,537.2105102539062,745.8876342773438,832.4005737304688,1007.1303100585938,234.34751892089844,496.1622619628906
2023-03-23,532.1651000976562,739.8998413085938,827.8040161132812,994.5307006835938,237.05552673339844,498.15728759765625
2023-03-24,552.7454223632812,738.7164916992188,824.8525390625,986.0333862304688,231.9121551513672,499.22772216796875
2023-03-27,561.3758544921875,741.9351806640625,821.2721557617188,989.2564697265625,227.43643188476562,496.84344482421875
2023-03-28,562.747802734375,747.97021484375,827.1266479492188,1012.0137329101562,230.5393524169922,477.0398254394531
2023-03-29,575.5827026367188,751.5676879882812,823.4978637695312,1032.475830078125,235.41004943847656,477.0884704589844
2023-03-31,570.5372314453125,761.8627319335938,848.8994750976562,1043.072998046875,236.83926391601562,475.7261047363281
2023-04-03,571.6438598632812,762.3361206054688,855.2378540039062,1053.621337890625,241.92620849609375,479.71600341796875
2023-04-05,564.9163818359375,782.7843017578125,856.0119018554688,1042.3404541015625,242.41514587402344,467.6488952636719
2023-04-06,572.3075561523438,788.7483520507812,846.7222290039062,1056.7957763671875,245.1984100341797,456.99285888671875
2023-04-10,570.6700439453125,785.0090942382812,840.3839111328125,1044.3916015625,245.36767578125,475.9693298339844
2023-04-11,574.8303833007812,787.3047485351562,853.3992309570312,1049.1773681640625,243.5905303955078,495.28643798828125
2023-04-12,572.7944946289062,797.5288696289062,861.3826293945312,1049.714599609375,246.16688537597656,490.080078125
2023-04-13,573.5469970703125,801.1024780273438,869.9465942382812,1083.4598388671875,243.8350067138672,494.45928955078125
2023-04-17,571.5111083984375,788.8905029296875,872.1722412109375,1098.1591796875,248.48944091796875,506.7209777832031
2023-04-18,581.646240234375,785.5533447265625,867.8660888671875,1120.1839599609375,251.84622192382812,500.7360534667969
2023-04-19,567.6605224609375,788.4407348632812,863.0760498046875,1094.30126953125,256.9895935058594,504.2394714355469
2023-04-20,573.3256225585938,791.3754272460938,865.4953002929688,1099.966064453125,251.8744354248047,508.9592590332031
2023-04-21,566.02294921875,792.6535034179688,857.028076171875,1090.3455810546875,255.5415802001953,500.59014892578125
2023-04-24,571.4666748046875,799.0672607421875,875.5107421875,1076.3299560546875,261.8885192871094,507.88873291015625
2023-04-25,563.41162109375,787.70703125,883.9296264648438,1095.619873046875,269.43896484375,499.95758056640625
2023-04-26,574.5648803710938,791.328125,885.3811645507812,1111.2960205078125,264.4366760253906,496.64886474609375
2023-04-27,588.4177856445312,795.6828002929688,888.6712646484375,1118.083984375,264.32379150390625,512.0733032226562
2023-04-28,599.7921752929688,798.8069458007812,887.9938354492188,1125.946533203125,250.60507202148438,517.5230102539062
2023-05-02,591.6486206054688,798.6411743164062,892.2999877929688,1124.0908203125,249.2322540283203,513.7763671875
2023-05-03,592.4010620117188,801.4338989257812,893.02587890625,1119.4515380859375,248.05691528320312,516.5011596679688
2023-05-04,595.4105834960938,817.8351440429688,891.9130859375,1108.17041015625,249.68359375,514.5062866210938
2023-05-05,580.3182983398438,769.4835205078125,896.9933471679688,1048.2984619140625,248.0192413330078,515.5767211914062
2023-05-08,591.029052734375,778.38232421875,907.5895385742188,1100.112548828125,253.48233032226562,540.9760131835938
2023-05-09,577.0875854492188,778.4059448242188,904.2025756835938,1114.030517578125,253.5481414794922,530.3685913085938
2023-05-10,602.3148803710938,782.0033569335938,905.7991943359375,1145.2364501953125,254.45086669921875,534.26123046875
2023-05-11,602.1821899414062,782.5240478515625,908.847412109375,1159.789306640625,256.56646728515625,531.7797241210938
2023-05-12,599.0397338867188,789.434814453125,913.3955688476562,1180.49560546875,253.83026123046875,533.6773681640625
2023-05-15,638.6513061523438,793.2215576171875,915.185791015625,1191.1416015625,252.1094970703125,530.1253051757812
2023-05-16,627.01123046875,788.6732177734375,915.766357421875,1191.8741455078125,249.8528594970703,541.2192993164062
2023-05-17,624.2672119140625,784.4360961914062,908.9926147460938,1207.3548583984375,252.78651428222656,560.5850219726562
2023-05-18,604.4835815429688,787.572021484375,915.9115600585938,1210.041015625,253.14382934570312,577.3718872070312
2023-05-19,602.8017578125,788.4816284179688,923.4594116210938,1218.928955078125,251.86505126953125,591.3853759765625
2023-05-22,592.79931640625,785.680908203125,919.6370239257812,1217.1220703125,248.10391235351562,612.9407348632812
2023-05-23,600.7216796875,783.837646484375,922.5885620117188,1230.8447265625,256.3783874511719,617.3198852539062
2023-05-24,601.7084350585938,773.5919799804688,910.2505493164062,1242.125732421875,257.5726013183594,618.43896484375
2023-05-25,606.8665771484375,770.6236572265625,909.4763793945312,1233.97021484375,258.64453125,603.3551025390625
2023-05-26,603.8164672851562,773.5919799804688,919.9757690429688,1238.511962890625,260.19598388671875,606.2745361328125
2023-05-29,614.4916381835938,783.0237426757812,917.5082397460938,1255.01806640625,264.93499755859375,615.4222412109375
2023-05-30,616.3306884765625,783.6221923828125,919.2500610351562,1263.1248779296875,266.439453125,612.8433227539062
2023-05-31,616.4202880859375,771.2222290039062,918.4759521484375,1256.6297607421875,263.2331237792969,615.2763671875
2023-06-01,613.146240234375,767.9425659179688,905.84765625,1260.0970458984375,265.20770263671875,624.229248046875
2023-06-02,616.1063842773438,769.1394653320312,907.8313598632812,1271.995361328125,265.79071044921875,619.26611328125
2023-06-05,635.1241455078125,768.1341552734375,916.1535034179688,1285.4244384765625,263.45880126953125,634.8366088867188
2023-06-06,637.7706298828125,765.740234375,911.6536254882812,1289.571533203125,264.9538269042969,641.5514526367188
2023-06-07,640.05810546875,769.7139282226562,909.815185546875,1294.7060546875,264.85040283203125,650.1151123046875
2023-06-08,642.0316162109375,770.1926879882812,907.5895385742188,1287.448486328125,265.3393249511719,644.7628173828125
2023-06-09,646.9207153320312,771.1024780273438,907.734619140625,1314.3065185546875,266.5147399902344,639.9456787109375
2023-06-12,649.9707641601562,766.4105224609375,905.7025146484375,1315.6888427734375,273.1249084472656,650.0665283203125
2023-06-13,648.0867309570312,767.7031860351562,913.0568237304688,1319.4410400390625,271.4418029785156,644.3248291015625
2023-06-14,647.3692016601562,766.8653564453125,909.4280395507812,1306.6044921875,264.7469787597656,686.0245361328125
2023-06-15,676.1651000976562,757.4336547851562,896.6546020507812,1280.783447265625,265.9505310058594,680.2828979492188
2023-06-16,677.241455078125,767.3441162109375,904.0090942382812,1297.4708251953125,267.343017578125,685.8785400390625
2023-06-19,671.4555053710938,768.0144653320312,893.3162231445312,1285.029541015625,280.381103515625,669.578125
2023-06-20,649.6567993164062,769.6182250976562,895.6385498046875,1282.067138671875,297.5109558105469,687.0950317382812
2023-06-21,653.6487426757812,783.0715942382812,894.8159790039062,1270.41552734375,330.8358154296875,688.70068359375
2023-06-22,641.9418334960938,786.9017944335938,895.8321533203125,1256.6904296875,327.86004638671875,680.9154663085938
2023-06-23,629.7864990234375,786.8539428710938,893.65478515625,1292.237548828125,319.8292541503906,663.398681640625
2023-06-26,652.2582397460938,783.0476684570312,897.4772338867188,1298.5078125,324.92242431640625,664.2258911132812
2023-06-27,672.1731567382812,794.083251953125,905.84765625,1299.3963623046875,323.5489807128906,672.1571655273438
2023-06-28,674.0120849609375,802.4857177734375,907.1539916992188,1317.268798828125,324.4741516113281,680.6235961914062
2023-06-30,666.072998046875,814.5745239257812,904.3960571289062,1357.3580322265625,330.9979553222656,690.9876098632812
2023-07-03,657.0126953125,823.3839111328125,912.0891723632812,1362.9862060546875,335.33758544921875,687.6301879882812
2023-07-04,651.047119140625,827.4054565429688,914.169677734375,1350.14990234375,339.10504150390625,683.4942626953125
2023-07-05,654.6354370117188,801.1211547851562,927.0398559570312,1381.94482421875,343.7881164550781,680.7694702148438
2023-07-06,663.0678100585938,801.93505859375,928.3946533203125,1372.7122802734375,337.89373779296875,682.910400390625
2023-07-07,665.176025390625,794.945068359375,915.8147583007812,1340.02880859375,327.8314514160156,676.2930297851562
2023-07-10,680.515869140625,793.0538940429688,917.7501220703125,1349.80419921875,328.70892333984375,670.2107543945312
2023-07-11,690.3834838867188,789.1998291015625,914.41162109375,1363.57861328125,335.86224365234375,679.163818359375
2023-07-12,676.3443603515625,781.8028564453125,913.87939453125,1354.1982421875,344.4079895019531,762.514404296875
2023-07-13,684.5974731445312,785.704833984375,924.814208984375,1358.9873046875,341.2605895996094,696.145263671875
2023-07-14,707.5624389648438,787.3326416015625,929.0236206054688,1359.678466796875,340.2877502441406,717.8466186523438
2023-07-17,716.8919677734375,803.80224609375,937.3941040039062,1373.008544921875,337.5408630371094,704.952392578125
2023-07-18,702.852783203125,803.1319580078125,943.9259033203125,1372.76171875,340.3354187011719,700.9137573242188
2023-07-19,700.924072265625,806.7706298828125,941.9905395507812,1401.6932373046875,340.640625,701.2543334960938
2023-07-20,692.4019775390625,808.5181274414062,963.4246826171875,1407.2227783203125,340.0874328613281,726.6050415039062
2023-07-21,685.7637329101562,802.2941284179688,964.7794799804688,1389.6466064453125,349.3676452636719,711.764404296875
2023-07-24,697.5601196289062,803.5628662109375,959.9410400390625,1417.6400146484375,342.6531066894531,725.3885498046875
2023-07-25,697.2461547851562,812.2764282226562,962.5538330078125,1397.6446533203125,347.8416442871094,712.93212890625
2023-07-26,689.3969116210938,809.45166015625,964.2472534179688,1409.7406005859375,347.0118103027344,722.1771850585938
2023-07-27,683.7452392578125,801.04931640625,958.24755859375,1397.7928466796875,345.5812072753906,712.883544921875
2023-07-28,688.9932250976562,786.8539428710938,964.00537109375,1384.314453125,346.76385498046875,717.9439086914062
2023-07-31,708.5941162109375,790.5404052734375,966.0374755859375,1399.915771484375,361.1277160644531,725.7291259765625
2023-08-01,709.3564453125,795.830810546875,962.4086303710938,1377.0570068359375,353.6024169921875,730.0110473632812
2023-08-02,708.3698120117188,785.4176025390625,955.0542602539062,1363.8748779296875,349.6824035644531,711.0831298828125
2023-08-03,720.6148681640625,779.7442016601562,933.8136596679688,1347.335693359375,346.8782958984375,717.3114013671875
2023-08-04,718.1029052734375,791.0191650390625,939.1358642578125,1391.8682861328125,350.4168701171875,737.6016235351562
2023-08-07,693.6130981445312,790.5643310546875,944.1195068359375,1397.447265625,353.812255859375,739.0613403320312
2023-08-08,675.9408569335938,789.9180297851562,948.2321166992188,1386.2894287109375,355.0712585449219,737.0177001953125
2023-08-09,679.0805053710938,790.2052001953125,949.0126953125,1390.7327880859375,352.68682861328125,735.5579223632812
2023-08-10,681.5474243164062,783.1912841796875,940.6220703125,1412.2091064453125,353.0301818847656,728.5026245117188
2023-08-11,684.8666381835938,775.0283813476562,929.64599609375,1379.6737060546875,344.8753967285156,654.1537475585938
2023-08-14,668.806884765625,771.24609375,936.1829223632812,1371.4287109375,345.943603515625,653.3751831054688
2023-08-16,686.2809448242188,768.995849609375,933.2071533203125,1363.3319091796875,342.5959167480469,658.5816650390625
2023-08-17,703.6637573242188,764.7348022460938,928.475341796875,1357.0123291015625,351.8283996582031,653.56982421875
2023-08-18,711.2374267578125,761.598876953125,927.4996337890625,1354.445068359375,347.25982666015625,672.0938720703125
2023-08-21,707.222412109375,761.0004272460938,931.9388427734375,1380.2169189453125,351.6090393066406,659.7282104492188
2023-08-22,699.9226684570312,757.7448120117188,928.8167724609375,1383.524658203125,351.952392578125,673.7555541992188
2023-08-23,712.0586547851562,759.612060546875,943.3051147460938,1383.3765869140625,353.3163146972656,670.1387939453125
2023-08-24,699.7858276367188,756.1170654296875,945.3539428710938,1407.2227783203125,357.7608947753906,676.6393432617188
2023-08-25,694.5390014648438,747.594970703125,946.7686767578125,1383.524658203125,355.5957946777344,679.3275756835938
2023-08-28,695.1320190429688,755.3749389648438,946.9149780273438,1391.72021484375,355.1570739746094,683.8729858398438
2023-08-29,686.3265991210938,761.3834838867188,944.1832275390625,1382.5372314453125,357.1409606933594,688.5650634765625
2023-08-30,692.4859008789062,755.8297729492188,935.5487670898438,1374.93408203125,359.4013671875,693.648193359375
2023-08-31,697.5958251953125,752.358642578125,935.40234375,1360.81396484375,367.8327941894531,701.4194946289062
2023-09-01,700.9720458984375,753.9147338867188,945.1099853515625,1398.73095703125,364.73297119140625,703.0323486328125
2023-09-04,699.9682006835938,758.6305541992188,943.7928466796875,1403.9149169921875,361.2707824707031,713.4429931640625
2023-09-05,702.2037353515625,754.010498046875,944.8174438476562,1405.8404541015625,365.0096435546875,720.578857421875
2023-09-06,704.02880859375,763.873046875,934.182861328125,1390.9302978515625,361.02276611328125,724.049072265625
2023-09-07,744.1326293945312,771.2222290039062,942.1343383789062,1421.490966796875,361.2326354980469,709.9727783203125
2023-09-08,752.7100219726562,777.230712890625,946.9149780273438,1430.6246337890625,372.7065124511719,733.1887817382812
2023-09-11,756.5880737304688,781.2523803710938,954.4274291992188,1431.95751953125,373.3455505371094,738.6630249023438
2023-09-12,731.9052734375,783.694091796875,966.379150390625,1411.1724853515625,364.56134033203125,708.164306640625
2023-09-13,747.1893920898438,787.0454711914062,965.6962280273438,1436.74658203125,364.4086608886719,699.171142578125
2023-09-14,741.1212768554688,786.566650390625,963.6473999023438,1439.9063720703125,365.37200927734375,692.0841674804688
2023-09-15,763.066650390625,795.5913696289062,968.2816772460938,1431.7601318359375,366.6787109375,675.7595825195312
2023-09-18,756.6336669921875,779.9356689453125,966.0865478515625,1438.5733642578125,364.8188171386719,680.5006103515625
2023-09-20,745.5469360351562,748.6482543945312,963.1107177734375,1422.3302001953125,365.8489074707031,677.714599609375
2023-09-21,720.45361328125,743.6929931640625,935.93896484375,1393.5469970703125,362.4916076660156,676.248291015625
2023-09-22,740.163330078125,732.3462524414062,927.1580810546875,1434.623779296875,360.70806884765625,679.8162841796875
2023-09-25,750.7936401367188,732.9925537109375,933.060791015625,1424.6014404296875,371.1232604980469,675.4174194335938
2023-09-26,776.6170043945312,736.1763916015625,925.59716796875,1405.1492919921875,359.49676513671875,684.3616943359375
2023-09-27,781.2708129882812,731.005615234375,920.1334228515625,1418.3804931640625,360.9846496582031,674.2444458007812
2023-09-28,768.9523315429688,729.49755859375,919.6455688476562,1395.2255859375,356.9883728027344,677.0303344726562
2023-09-29,773.0585327148438,730.7423706054688,928.7191772460938,1410.876220703125,366.1255187988281,677.225830078125
2023-10-03,779.7651977539062,722.0048828125,917.4016723632812,1417.3438720703125,366.6214294433594,682.6510620117188
2023-10-04,766.94482421875,732.2984008789062,907.4012451171875,1383.6728515625,353.0110778808594,675.5640869140625
2023-10-05,754.2611694335938,735.2667236328125,917.938232421875,1384.2156982421875,350.5122375488281,694.136962890625
2023-10-06,763.385986328125,734.452880859375,922.1823120117188,1416.75146484375,352.6772766113281,680.8915405273438
2023-10-09,773.6514892578125,725.9307861328125,915.7430419921875,1410.580078125,347.3456726074219,703.5211791992188
2023-10-10,776.297607421875,730.0481567382812,928.0362548828125,1402.6805419921875,361.07049560546875,681.0870971679688
2023-10-11,781.5444946289062,737.1099243164062,929.889892578125,1403.3223876953125,362.1673278808594,681.9668579101562
2023-10-12,789.3007202148438,742.017333984375,931.011962890625,1406.3341064453125,358.25689697265625,698.1448364257812
2023-10-13,788.5250854492188,735.2667236328125,928.1337890625,1445.2877197265625,358.8005065917969,691.7420654296875
2023-10-16,802.577392578125,732.3223266601562,928.2313842773438,1428.2054443359375,356.2444152832031,679.1319580078125
2023-10-17,796.2811889648438,737.8759765625,930.6705322265625,1417.936279296875,360.2311706542969,680.9403686523438
2023-10-18,791.6276245117188,727.6064453125,920.7676391601562,1402.4830322265625,355.9868469238281,676.44384765625
2023-10-19,802.9879150390625,725.308349609375,912.9625244140625,1432.105712890625,358.3998718261719,671.8005981445312
2023-10-20,784.0538330078125,729.0667114257812,910.0355834960938,1450.6197509765625,357.98980712890625,667.5484008789062
2023-10-23,756.0861206054688,721.0473022460938,907.3037109375,1416.9488525390625,358.6192932128906,673.4135131835938
2023-10-25,747.8737182617188,716.4751586914062,893.7909545898438,1394.9293212890625,346.4395751953125,659.0440063476562
2023-10-26,728.8485107421875,700.6278686523438,886.5224609375,1396.8548583984375,342.9010925292969,643.9901123046875
2023-10-27,755.3106079101562,703.3807983398438,890.5225830078125,1423.169677734375,369.1490173339844,653.3743286132812
2023-10-30,727.9816284179688,711.0171508789062,902.376708984375,1436.3516845703125,360.9465026855469,648.9755249023438
2023-10-31,724.7422485351562,706.8998413085938,893.0592041015625,1423.169677734375,358.5907287597656,650.05078125
2023-11-01,728.7115478515625,705.9421997070312,891.7908935546875,1414.5791015625,362.8636169433594,645.0165405273438
2023-11-02,720.3624267578125,707.0194702148438,897.5472412109375,1442.8192138671875,372.8973083496094,644.0390625
2023-11-03,719.677978515625,710.3707885742188,911.0599365234375,1432.0069580078125,384.0945739746094,645.1143188476562
2023-11-06,710.507568359375,715.5175170898438,922.42626953125,1451.75537109375,383.69964599609375,644.0880126953125
2023-11-07,703.7094116210938,712.0464477539062,925.0116577148438,1467.7022705078125,382.8711853027344,643.1593017578125
2023-11-08,703.387451171875,714.105224609375,912.9625244140625,1470.2200927734375,381.4164733886719,653.0321655273438
2023-11-09,674.6375122070312,711.280517578125,914.5235595703125,1488.388671875,374.4322814941406,668.4281616210938
2023-11-10,697.0394897460938,714.081298828125,915.7430419921875,1479.9462890625,376.1278076171875,663.9804077148438
2023-11-13,711.7135009765625,712.78857421875,911.6941528320312,1490.6104736328125,379.13336181640625,668.5259399414062
2023-11-15,728.50341796875,720.2573852539062,918.18212890625,1475.1572265625,392.2252502441406,659.97265625
2023-11-16,720.8214721679688,722.1484985351562,913.206298828125,1479.7982177734375,392.2252502441406,659.4349365234375
2023-11-17,718.24560546875,720.5924682617188,899.4010009765625,1479.6007080078125,384.3354187011719,659.53271484375
2023-11-20,717.46337890625,720.6403198242188,899.0107421875,1485.870849609375,383.20831298828125,651.6148071289062
2023-11-21,732.4596557617188,726.74462890625,903.5474243164062,1483.155517578125,385.3083801269531,646.7271728515625
2023-11-22,735.1276245117188,724.1593627929688,900.279052734375,1451.903564453125,380.9252014160156,642.230712890625
2023-11-23,753.4816284179688,728.3485717773438,900.52294921875,1467.406005859375,380.4916687011719,643.0614624023438
2023-11-24,760.8414916992188,733.5191650390625,906.7671508789062,1457.6304931640625,375.2222595214844,643.0126342773438
2023-11-28,750.7216186523438,731.8674926757812,902.9620971679688,1458.963623046875,378.728759765625,649.0733032226562
2023-11-29,747.5016479492188,746.4698486328125,916.7186889648438,1464.88818359375,380.3953552246094,655.4760131835938
2023-11-30,805.5077514648438,746.30224609375,912.1819458007812,1447.6575927734375,386.72454833984375,661.0478515625
2023-12-01,799.8035888671875,744.6744384765625,923.6458129882812,1442.6712646484375,385.9635009765625,671.50732421875
2023-12-04,820.2276611328125,770.5279541015625,967.0621337890625,1495.596923828125,403.5348815917969,684.1173095703125
2023-12-05,828.415771484375,777.374267578125,988.770263671875,1487.6480712890625,398.814453125,680.2072143554688
2023-12-06,816.8696899414062,779.3372192382812,978.8186645507812,1482.7110595703125,396.0689392089844,706.1115112304688
2023-12-07,820.0897216796875,780.60595703125,974.6721801757812,1485.8214111328125,392.04217529296875,713.5895385742188
2023-12-08,821.4237060546875,791.4979248046875,986.2335815429688,1489.968505859375,391.4256591796875,724.000244140625
2023-12-11,808.5897827148438,790.4447021484375,992.3313598632812,1502.706298828125,394.41204833984375,733.2376708984375
2023-12-12,808.3135375976562,782.5928344726562,990.9655151367188,1478.1689453125,384.4221496582031,729.8652954101562
2023-12-13,788.7177124023438,780.8214111328125,989.2092895507812,1487.9443359375,384.4317626953125,737.1478271484375
2023-12-14,789.1317138671875,790.0377197265625,1008.4783935546875,1532.1807861328125,408.1300354003906,744.2837524414062
2023-12-15,827.2656860351562,793.1018676757812,1012.1370239257812,1551.0406494140625,400.3076477050781,721.116455078125
2023-12-18,849.1617431640625,792.6948852539062,996.575439453125,1536.7723388671875,394.5854187011719,708.0665893554688
2023-12-19,903.6259765625,791.354248046875,990.7216186523438,1546.8441162109375,396.8107604980469,719.845703125
2023-12-20,888.3538208007812,793.3172607421875,982.1358642578125,1536.574951171875,385.09649658203125,682.0645141601562
2023-12-21,917.9320068359375,807.5365600585938,979.9407348632812,1550.2506103515625,388.5837707519531,692.9639892578125
2023-12-22,934.85986328125,799.9481201171875,970.086669921875,1542.6968994140625,396.02081298828125,710.4126586914062
2023-12-26,916.8739013671875,805.5018310546875,970.8670654296875,1551.0406494140625,392.2252502441406,700.8329467773438
2023-12-27,903.5338745117188,815.4841918945312,977.8430786132812,1577.3553466796875,394.9515075683594,702.7879638671875
2023-12-28,896.5879516601562,816.417724609375,981.4041748046875,1590.29052734375,394.13262939453125,699.806640625
2023-12-29,898.6578369140625,818.332763671875,972.3306274414062,1578.83642578125,395.6065368652344,701.077392578125
2024-01-01,894.83984375,812.9945678710938,975.0624389648438,1578.7376708984375,394.7491455078125,708.4087524414062
2024-01-02,900.0838012695312,813.4732666015625,958.3301391601562,1555.7801513671875,391.1270446777344,705.2317504882812
2024-01-03,915.81591796875,800.9295654296875,960.0862426757812,1581.0087890625,402.6871032714844,712.0744018554688
2024-01-04,896.9097900390625,809.5234985351562,963.1107177734375,1627.8125,413.8811950683594,699.611083984375
2024-01-05,897.0018920898438,805.3821411132812,969.501220703125,1622.52978515625,418.55340576171875,682.9443969726562
2024-01-08,892.2178344726562,796.4052734375,958.086181640625,1606.63232421875,423.16778564453125,680.2561645507812
2024-01-09,887.8938598632812,790.2052001953125,955.8909912109375,1604.6575927734375,417.6767883300781,686.9033203125
2024-01-10,892.2178344726562,792.8145141601562,968.8670654296875,1619.5181884765625,414.23760986328125,679.3275756835938
2024-01-11,896.0819091796875,789.4871215820312,967.0133666992188,1636.9954833984375,439.2363586425781,680.7449951171875
2024-01-12,883.7537841796875,785.752685546875,979.0625610351562,1652.9423828125,441.75067138671875,675.5151977539062
2024-01-15,877.2677612304688,800.8817138671875,985.2579345703125,1667.6055908203125,441.75067138671875,678.7898559570312
2024-01-16,898.1517333984375,803.921875,984.4774780273438,1646.079833984375,445.0068054199219,689.4448852539062
2024-01-17,875.3358764648438,736.1045532226562,957.84228515625,1623.2210693359375,440.82586669921875,676.6393432617188
2024-01-18,882.5579223632812,711.5198974609375,962.3302612304688,1592.6109619140625,434.544921875,681.0381469726562
2024-01-19,889.3658447265625,704.0989990234375,974.8673095703125,1541.4625244140625,443.494384765625,686.9521484375
2024-01-23,881.5918579101562,683.3683471679688,1003.990478515625,1423.564453125,439.1882019042969,675.7595825195312
2024-01-24,895.4378051757812,697.0371704101562,974.8673095703125,1472.09619140625,443.6099853515625,661.292236328125
2024-01-25,927.0859375,686.9830932617188,985.3555297851562,1492.980224609375,444.5154724121094,654.6452026367188
2024-01-29,948.843994140625,696.438720703125,991.6484375,1507.5941162109375,464.1387634277344,660.7546997070312
2024-01-30,911.5379028320312,691.4834594726562,992.1362915039062,1500.7808837890625,472.6065368652344,669.5034790039062
2024-01-31,911.307861328125,700.2210083007812,1003.1123657226562,1514.7528076171875,475.2750549316406,692.5729370117188
2024-02-01,908.6859741210938,702.040283203125,1000.1853637695312,1521.7635498046875,461.86529541015625,731.5760498046875
2024-02-02,887.5718994140625,692.3692016601562,999.0633544921875,1514.45654296875,463.4644470214844,720.2366943359375
2024-02-05,892.2638549804688,691.746826171875,998.5755004882812,1518.4556884765625,454.1393127441406,710.4126586914062
2024-02-06,933.4800415039062,691.3876953125,1001.4049072265625,1492.3878173828125,463.68798828125,718.4282836914062
2024-02-07,918.9898681640625,684.6130981445312,997.2584228515625,1496.2879638671875,467.0159912109375,699.2688598632812
2024-02-08,914.7118530273438,671.7343139648438,965.2084350585938,1458.716796875,454.3037414550781,678.1544799804688
2024-02-09,883.523681640625,671.9976196289062,986.0873413085938,1467.55419921875,451.6239318847656,679.5718994140625
2024-02-12,860.279296875,665.4863891601562,971.8427734375,1428.946044921875,437.7217102050781,664.6158447265625
2024-02-13,867.8732299804688,667.616943359375,994.965576171875,1445.4853515625,450.9563903808594,671.3607177734375
2024-02-14,868.7992553710938,662.6377563476562,997.7950439453125,1462.8638916015625,463.0784912109375,661.7321166992188
2024-02-15,882.9682006835938,677.0007934570312,991.8923950195312,1458.37109375,471.6500244140625,665.8377685546875
2024-02-16,877.3654174804688,679.8015747070312,998.3316650390625,1474.861083984375,473.9332580566406,668.5259399414062
2024-02-19,856.7138671875,678.4609985351562,1018.3323974609375,1464.9373779296875,472.0950927734375,657.1378173828125
2024-02-20,863.1964111328125,696.2711181640625,1023.210693359375,1485.2783203125,467.5965270996094,655.0361938476562
2024-02-21,852.0834350585938,689.017822265625,1026.332763671875,1498.164306640625,455.8516540527344,652.59228515625
2024-02-22,854.8154907226562,679.6339721679688,1036.8209228515625,1470.417724609375,463.4461364746094,672.0938720703125
2024-02-23,885.792724609375,680.13671875,1035.4549560546875,1461.6790771484375,473.1689758300781,663.44287109375
2024-02-26,888.2930908203125,680.9506225585938,1028.5279541015625,1448.052490234375,480.8504943847656,657.7732543945312
2024-02-27,881.0232543945312,679.9212646484375,1034.3818359375,1474.2686767578125,459.0345764160156,650.3928833007812
2024-02-28,883.19970703125,674.7744750976562,1020.7227783203125,1430.9700927734375,454.46820068359375,642.6217041015625
2024-02-29,931.5408935546875,671.9019165039062,1026.5765380859375,1456.346923828125,471.84356689453125,640.3733520507812
2024-03-01,924.9657592773438,684.9961547851562,1060.431640625,1507.4459228515625,474.1364440917969,639.2003173828125
2024-03-04,922.7432861328125,685.9297485351562,1065.7489013671875,1512.0374755859375,473.3721618652344,623.0222778320312
2024-03-05,945.524658203125,689.8316650390625,1061.5537109375,1523.047119140625,470.46978759765625,602.8854370117188
2024-03-06,921.7244873046875,690.6694946289062,1070.38330078125,1534.9949951171875,459.46026611328125,624.0977172851562
2024-03-07,933.3466796875,692.34521484375,1061.4560546875,1544.0792236328125,473.9623107910156,608.5551147460938
2024-03-11,897.507568359375,683.5838623046875,1052.4312744140625,1521.6649169921875,480.037841796875,605.8179931640625
2024-03-12,870.37353515625,698.7847290039062,1050.6263427734375,1513.7655029296875,468.5832824707031,587.73388671875
2024-03-13,842.452392578125,699.191650390625,1057.5533447265625,1483.7479248046875,449.1665954589844,557.9683837890625
2024-03-14,897.785400390625,696.8217163085938,1057.2119140625,1458.173583984375,443.3812255859375,576.9323120117188
2024-03-15,923.159912109375,695.481201171875,1054.0411376953125,1465.6781005859375,438.60205078125,568.7211303710938
2024-03-18,939.4589233398438,692.3213500976562,1054.8704833984375,1462.0738525390625,446.7577209472656,597.6068115234375
2024-03-19,925.4288330078125,693.9012451171875,1057.5533447265625,1416.0601806640625,442.5105285644531,647.2159423828125
2024-03-20,905.7960205078125,685.1397705078125,1058.090087890625,1423.41650390625,447.7734680175781,620.2364501953125
2024-03-21,910.8893432617188,692.1776733398438,1055.4559326171875,1465.43115234375,447.1156311035156,616.5706787109375
2024-03-22,921.400390625,690.7891845703125,1063.7489013671875,1493.0789794921875,450.966064453125,614.0780639648438
2024-03-26,898.3873901367188,682.4347534179688,1057.3094482421875,1499.595947265625,459.0636291503906,596.5803833007812
2024-03-27,923.2525024414062,689.7598876953125,1057.3583984375,1514.2591552734375,461.73370361328125,565.6420288085938
2024-03-28,927.234619140625,693.20703125,1066.67578125,1533.4644775390625,456.5965881347656,564.37109375
2024-04-01,923.6229858398438,704.0271606445312,1072.8712158203125,1522.997802734375,470.5181579589844,581.037841796875
2024-04-02,921.5855102539062,708.647216796875,1054.8704833984375,1539.783935546875,477.1355285644531,589.004638671875
2024-04-03,946.4970703125,709.6766357421875,1050.9677734375,1523.2447509765625,494.6463317871094,599.5618286132812
2024-04-04,948.8123779296875,731.3648071289062,1052.5777587890625,1525.02197265625,483.58837890625,601.3703002929688
2024-04-05,964.092529296875,741.8737182617188,1057.0169677734375,1532.8720703125,487.3711242675781,609.63037109375
2024-04-08,913.7139892578125,740.4613647460938,1060.675537109375,1548.621337890625,497.11334228515625,604.9871215820312
2024-04-09,915.288330078125,741.3949584960938,1080.0909423828125,1535.3900146484375,493.4757080078125,598.8776245117188
2024-04-10,910.9357299804688,735.5540161132812,1082.3836669921875,1533.3162841796875,489.15118408203125,601.907958984375
2024-04-12,886.3947143554688,727.223388671875,1077.5054931640625,1536.0811767578125,480.9375915527344,598.5354614257812
2024-04-15,886.3482666015625,715.61328125,1052.08984375,1520.529296875,467.20947265625,590.1287841796875
2024-04-16,923.3914184570312,722.5794067382812,1041.065185546875,1472.1949462890625,464.5199890136719,584.5081176757812
2024-04-18,946.913818359375,715.61328125,1029.7474365234375,1455.853271484375,458.8507385253906,593.3057861328125
2024-04-19,934.3192138671875,733.13623046875,1041.2601318359375,1463.4071044921875,457.9026794433594,588.515869140625
2024-04-22,954.831787109375,723.99169921875,1060.187744140625,1458.9141845703125,469.1443786621094,598.5843505859375
2024-04-23,944.6448974609375,721.7893676757812,1063.7000732421875,1455.9520263671875,469.58941650390625,613.344970703125
2024-04-24,989.0503540039062,723.7523803710938,1070.041748046875,1456.10009765625,476.1874084472656,622.142578125
2024-04-25,1005.9511108398438,723.2975463867188,1086.627685546875,1477.2802734375,482.1468811035156,631.9177856445312
2024-04-26,1009.6090698242188,722.8427124023438,1080.9202880859375,1428.2054443359375,483.4529113769531,627.4700927734375
2024-04-29,1003.9139404296875,732.2744750976562,1131.89794921875,1468.5416259765625,482.2146301269531,623.1690063476562
2024-04-30,1009.4700927734375,727.7739868164062,1122.38525390625,1496.6336669921875,493.72723388671875,616.7174072265625
2024-05-02,985.9942016601562,733.5910034179688,1111.7017822265625,1486.265625,499.60931396484375,615.7399291992188
2024-05-03,963.814697265625,727.5346069335938,1114.2386474609375,1465.0361328125,500.8573303222656,621.60498046875
2024-05-06,930.6149291992188,728.994873046875,1118.3851318359375,1478.66259765625,492.9242248535156,620.7740478515625
2024-05-07,910.9357299804688,721.09521484375,1104.3358154296875,1434.278076171875,480.97625732421875,610.5100708007812
2024-05-08,920.3353881835938,709.8441772460938,1095.652587890625,1424.3544921875,473.66241455078125,607.8218994140625
2024-05-09,897.4613037109375,693.0155029296875,1088.5302734375,1383.82080078125,456.8094177246094,615.5443115234375
2024-05-10,918.66845703125,697.8200073242188,1089.847412109375,1392.4114990234375,453.6072082519531,612.07421875
2024-05-13,927.7440185546875,706.2400512695312,1100.53076171875,1386.8819580078125,445.37420654296875,607.1865234375
2024-05-14,971.408447265625,709.0062866210938,1093.2623291015625,1403.125,450.8983459472656,604.9871215820312
2024-05-15,962.3330688476562,698.1112060546875,1096.9696044921875,1399.2740478515625,448.89569091796875,607.1375732421875
2024-05-16,981.41015625,708.6665649414062,1103.506591796875,1391.029052734375,452.5140075683594,703.5700073242188
2024-05-17,947.9325561523438,710.5350341796875,1102.9698486328125,1394.583740234375,458.8797912597656,753.6679077148438
2024-05-21,970.2509765625,707.962890625,1093.65234375,1388.807373046875,459.19903564453125,702.5436401367188
2024-05-22,959.1157836914062,708.156982421875,1084.0423583984375,1387.27685546875,452.13665771484375,712.2210693359375
2024-05-23,958.507568359375,724.3662109375,1106.8724365234375,1422.7252197265625,464.4619445800781,700.39306640625
2024-05-24,947.6063842773438,736.3047485351562,1104.384521484375,1423.663330078125,463.8911437988281,703.178955078125
2024-05-27,938.3895874023438,741.4004516601562,1102.2869873046875,1446.670166015625,460.5050964355469,694.4790649414062
2024-05-28,945.3606567382812,742.7592163085938,1099.5062255859375,1440.992431640625,463.1558532714844,715.2025146484375
2024-05-29,988.2167358398438,731.9855346679688,1075.1639404296875,1441.8812255859375,459.46990966796875,702.690185546875
2024-05-30,963.74755859375,735.1642456054688,1086.5789794921875,1428.6004638671875,445.5483703613281,701.3217163085938
2024-05-31,1008.0543212890625,743.268798828125,1093.75,1443.4610595703125,455.4840087890625,698.8290405273438
2024-06-03,996.5917358398438,762.9964599609375,1131.75146484375,1510.45751953125,485.4942626953125,705.7694702148438
2024-06-04,923.5115356445312,719.7800903320312,1045.3577880859375,1373.9959716796875,437.42181396484375,663.44287109375
2024-06-05,984.9884643554688,753.0962524414062,1081.6519775390625,1482.0692138671875,461.9465637207031,700.34423828125
2024-06-06,1001.0828247070312,756.9301147460938,1083.359375,1462.4688720703125,478.847900390625,706.1115112304688
2024-06-07,1083.3800048828125,763.5545043945312,1094.384033203125,1473.33056640625,483.3271789550781,709.2396240234375
2024-06-10,1111.4981689453125,757.7067260742188,1096.43310546875,1467.1591796875,487.4194641113281,713.8828735351562
2024-06-11,1098.164306640625,759.4052734375,1090.9693603515625,1462.419677734375,490.1089782714844,710.5103759765625
2024-06-12,1084.876953125,763.9428100585938,1092.2864990234375,1465.579345703125,496.677978515625,706.3558959960938
2024-06-13,1111.966064453125,767.1458740234375,1080.3836669921875,1488.2900390625,519.3838500976562,714.0783081054688
2024-06-14,1137.65185546875,774.9835205078125,1078.72509765625,1483.45166015625,528.6423950195312,712.4653930664062
2024-06-18,1148.272216796875,780.2733154296875,1095.506103515625,1488.931884765625,547.527099609375,725.2220458984375
2024-06-19,1115.2412109375,804.5628662109375,1116.580078125,1508.9764404296875,540.0776977539062,717.8907470703125
2024-06-20,1103.404296875,810.143798828125,1128.62939453125,1508.630859375,542.77685546875,716.4244384765625
2024-06-21,1092.5499267578125,808.3967895507812,1130.434326171875,1507.939697265625,545.9597778320312,726.0040893554688
2024-06-24,1121.5107421875,811.6240234375,1141.60546875,1471.6519775390625,557.6851806640625,761.976806640625
2024-06-25,1113.229248046875,830.5266723632812,1168.7772216796875,1476.7371826171875,578.5046997070312,741.4000854492188
2024-06-26,1115.7091064453125,825.7463989257812,1188.3389892578125,1479.0576171875,578.3499145507812,796.6299438476562
2024-06-27,1114.39892578125,823.1500244140625,1190.19287109375,1483.8466796875,570.9972534179688,785.6817626953125
2024-06-28,1146.260498046875,817.1565551757812,1170.3870849609375,1462.1318359375,563.3447265625,813.6876831054688
2024-07-01,1140.271728515625,827.5419921875,1182.3388671875,1454.5440673828125,565.811767578125,810.2174072265625
2024-07-02,1136.7159423828125,839.8687744140625,1161.6063232421875,1427.138427734375,546.5885620117188,803.0326538085938
2024-07-03,1158.2843017578125,858.3346557617188,1172.33837890625,1453.1463623046875,551.5323486328125,811.341552734375
2024-07-04,1159.6881103515625,838.1945190429688,1202.9737548828125,1440.5167236328125,548.3009643554688,798.3894653320312
2024-07-05,1186.309326171875,799.8311157226562,1203.364013671875,1431.9306640625,554.5119018554688,788.1254272460938
2024-07-08,1256.86279296875,793.6434936523438,1204.973876953125,1435.724609375,543.3380126953125,806.0629272460938
2024-07-09,1299.765625,794.2015380859375,1217.8524169921875,1431.9306640625,540.2227783203125,770.8234252929688
2024-07-10,1274.96923828125,789.1543579101562,1212.92529296875,1423.64404296875,534.4374389648438,774.928955078125
2024-07-11,1360.5877685546875,787.1162109375,1208.2908935546875,1427.43798828125,529.9678344726562,776.5908203125
2024-07-12,1347.6278076171875,787.5043334960938,1202.876220703125,1432.230224609375,540.6871337890625,758.946533203125
2024-07-15,1306.5028076171875,787.2131958007812,1199.9979248046875,1441.7149658203125,557.6948852539062,762.6610717773438
2024-07-16,1273.8931884765625,786.0726928710938,1209.705810546875,1443.5618896484375,544.3828125,758.7021484375
2024-07-18,1251.9503173828125,783.6705322265625,1219.8525390625,1454.5440673828125,554.7926025390625,755.3785400390625
2024-07-19,1211.4801025390625,780.0307006835938,1218.24267578125,1430.133544921875,543.8700561523438,724.2445678710938
2024-07-22,1278.6650390625,797.1376953125,1210.92529296875,1421.0982666015625,547.0723266601562,722.28955078125
2024-07-23,1237.82080078125,785.4176025390625,1196.8759765625,1410.9146728515625,532.8333740234375,722.3872680664062
2024-07-24,1243.7626953125,778.4534912109375,1193.2171630859375,1394.3914794921875,529.9251098632812,747.1185302734375
2024-07-25,1256.816162109375,784.5440063476562,1168.728515625,1376.869873046875,521.1231689453125,746.4342651367188
2024-07-26,1258.640625,785.2962646484375,1177.8018798828125,1401.6297607421875,568.9754638671875,743.2084350585938
2024-07-29,1284.513427734375,778.9387817382812,1183.1680908203125,1409.217529296875,572.4768676757812,750.0021362304688
2024-07-30,1288.537109375,784.0345458984375,1179.9971923828125,1427.3880615234375,566.4563598632812,755.1341552734375
2024-07-31,1298.4559326171875,784.1315307617188,1185.3145751953125,1425.4912109375,570.327392578125,758.21337890625
2024-08-01,1274.96923828125,795.3178100585938,1180.6314697265625,1417.553955078125,581.473388671875,756.3071899414062
2024-08-02,1247.6458740234375,805.1937866210938,1167.4114990234375,1402.0291748046875,582.0278930664062,731.3804321289062
2024-08-05,1179.5718994140625,784.1315307617188,1144.0445556640625,1387.203125,562.44921875,697.9127807617188
2024-08-06,1209.375,777.0703125,1138.4346923828125,1378.766845703125,551.818603515625,677.1550903320312
2024-08-07,1254.24267578125,787.8926391601562,1143.898193359375,1342.974853515625,568.9851684570312,694.1832885742188
2024-08-08,1271.2261962890625,797.21044921875,1136.239501953125,1345.121337890625,558.7047119140625,699.8756713867188
2024-08-09,1247.1312255859375,800.8502807617188,1143.069091796875,1347.6173095703125,575.4140625,716.8549194335938
2024-08-12,1259.576416015625,805.6547241210938,1154.09033203125,1348.66552734375,578.9154052734375,701.98583984375
2024-08-13,1290.1920166015625,778.0409545898438,1149.7113037109375,1348.416015625,562.4297485351562,691.5824584960938
2024-08-14,1289.2972412109375,780.2733154296875,1143.1181640625,1335.9361572265625,563.1592407226562,690.2083740234375
2024-08-16,1299.989013671875,792.0662231445312,1168.309814453125,1361.944091796875,579.9658813476562,699.2377319335938
2024-08-19,1307.5252685546875,791.79931640625,1157.140869140625,1345.4207763671875,598.2703247070312,721.2714233398438
2024-08-20,1278.4639892578125,794.783935546875,1160.6341552734375,1379.06640625,614.6587524414062,717.5910034179688
2024-08-21,1299.5179443359375,789.0088500976562,1156.1075439453125,1381.761962890625,614.5032348632812,717.5418701171875
2024-08-22,1294.713623046875,791.6780395507812,1172.098388671875,1379.6654052734375,611.497802734375,731.920166015625
2024-08-23,1241.0657958984375,788.6448364257812,1184.300537109375,1386.3046875,608.1812133789062,720.6334838867188
2024-08-26,1201.9716796875,795.8759155273438,1193.9443359375,1382.2611083984375,615.1061401367188,721.6640014648438
2024-08-27,1233.19970703125,794.8082275390625,1206.7860107421875,1380.9632568359375,628.1974487304688,726.325927734375
2024-08-28,1233.0113525390625,794.4927978515625,1204.3258056640625,1413.4605712890625,622.8287353515625,716.0697021484375
2024-08-29,1226.0404052734375,795.1964721679688,1202.4071044921875,1415.1578369140625,622.5661010742188,704.1450805664062
2024-08-30,1254.724853515625,794.395751953125,1209.590576171875,1422.9453125,623.3441772460938,706.6968383789062
2024-09-02,1241.3482666015625,789.5668334960938,1210.3284912109375,1446.706787109375,627.3804321289062,699.43408203125
2024-09-03,1240.0294189453125,794.6140747070312,1227.79541015625,1434.376708984375,636.3966064453125,696.88232421875
2024-09-04,1254.20703125,796.7737426757812,1216.62646484375,1432.0804443359375,631.0180053710938,703.0162963867188
2024-09-05,1254.8192138671875,798.5450439453125,1216.23291015625,1420.59912109375,631.3195190429688,714.4503173828125
2024-09-06,1219.681640625,794.419921875,1188.8763427734375,1407.0709228515625,629.4036254882812,696.1951904296875
2024-09-09,1199.852294921875,799.0546264648438,1215.298095703125,1425.7906494140625,644.9750366210938,698.64892578125
2024-09-10,1216.8555908203125,800.923095703125,1217.5614013671875,1433.2286376953125,634.1497802734375,701.249755859375
2024-09-11,1204.46826171875,797.7928466796875,1216.62646484375,1418.9017333984375,638.0111083984375,700.9063110351562
2024-09-12,1205.0333251953125,808.8092651367188,1232.1744384765625,1441.0159912109375,661.5189819335938,699.1396484375
2024-09-13,1186.7581787109375,808.4938354492188,1230.403076171875,1461.6826171875,655.1971435546875,712.3402099609375
2024-09-16,1187.464599609375,810.9202880859375,1242.7037353515625,1467.822509765625,665.059326171875,711.1624145507812
2024-09-17,1182.2835693359375,809.876953125,1247.8699951171875,1463.978759765625,666.1583862304688,703.997802734375
2024-09-18,1163.6317138671875,822.4949340820312,1267.796875,1477.8563232421875,695.3560791015625,702.721923828125
2024-09-19,1136.878173828125,829.1435546875,1271.388671875,1482.3489990234375,685.7564697265625,709.3958129882812
2024-09-20,1152.751220703125,845.0130004882812,1317.09765625,1477.806396484375,687.0693969726562,714.3031005859375
2024-09-23,1167.305419921875,854.0396728515625,1300.811767578125,1462.7308349609375,693.994384765625,687.1658935546875
2024-09-24,1151.0555419921875,858.04345703125,1297.5643310546875,1445.9580078125,683.9960327148438,700.3663940429688
2024-09-25,1137.302001953125,863.4060668945312,1302.7305908203125,1437.1722412109375,685.5035400390625,707.1384887695312
2024-09-26,1136.171630859375,865.51708984375,1307.8477783203125,1450.350830078125,705.8115234375,691.7786865234375
2024-09-27,1139.56298828125,850.56982421875,1285.7557373046875,1460.334716796875,704.3721923828125,688.0982666015625
2024-09-30,1130.8963623046875,840.572509765625,1252.6917724609375,1445.2591552734375,695.793701171875,715.0391845703125
2024-10-01,1131.5087890625,837.7333984375,1254.0694580078125,1407.42041015625,694.5196533203125,721.95849609375
2024-10-03,1161.511962890625,816.282958984375,1236.307373046875,1385.505859375,663.2210693359375,711.1624145507812
2024-10-04,1161.935791015625,804.4658203125,1219.97216796875,1380.61376953125,648.9821166992188,715.5789794921875
2024-10-07,1132.921630859375,785.1264038085938,1214.215576171875,1348.66552734375,641.7945556640625,690.2083740234375
2024-10-08,1198.957275390625,801.2627563476562,1216.8724365234375,1357.3515625,647.6204223632812,702.57470703125
2024-10-09,1219.16357421875,792.5758666992188,1224.3021240234375,1339.380615234375,659.0292358398438,697.716552734375
2024-10-10,1198.76904296875,806.7709350585938,1223.662353515625,1354.2066650390625,649.2447509765625,703.55615234375
2024-10-11,1198.0623779296875,801.2385864257812,1203.4893798828125,1345.4207763671875,649.935302734375,706.8931274414062
2024-10-14,1203.5732421875,819.2433471679688,1212.099853515625,1368.23388671875,660.4588623046875,695.4591674804688
2024-10-15,1205.834228515625,817.3021240234375,1235.4710693359375,1358.6993408203125,661.5968017578125,690.2574462890625
2024-10-16,1262.9676513671875,824.9214477539062,1223.3179931640625,1344.1229248046875,659.5057373046875,687.8528442382812
2024-10-17,1240.6417236328125,811.988037109375,1211.6077880859375,1345.1712646484375,633.8678588867188,690.5028076171875
2024-10-18,1194.530029296875,816.210205078125,1244.327392578125,1345.0714111328125,650.6063232421875,688.8834228515625
2024-10-21,1179.3162841796875,838.9466552734375,1238.9644775390625,1306.134521484375,644.5081176757812,680.7864379882812
2024-10-22,1159.392578125,832.0796508789062,1247.279541015625,1272.289306640625,633.0702514648438,669.0089721679688
2024-10-23,1144.0845947265625,842.3924560546875,1231.6331787109375,1272.2393798828125,622.0311279296875,667.9293823242188
2024-10-24,1180.0697021484375,849.1138305664062,1232.764892578125,1277.9801025390625,631.2417602539062,672.934814453125
2024-10-25,1174.6060791015625,846.0806884765625,1235.4217529296875,1039.9156494140625,601.5869750976562,648.1039428710938
2024-10-28,1173.522705078125,841.6158447265625,1272.2252197265625,1053.0943603515625,634.00390625,661.3535766601562
2024-10-29,1167.7764892578125,850.1815185546875,1310.60302734375,1036.4713134765625,635.2682495117188,641.1355590820312
2024-10-30,1213.276123046875,841.8099975585938,1291.21728515625,1054.6917724609375,619.70654296875,640.5467529296875
2024-10-31,1214.64208984375,842.3438110351562,1271.634765625,1053.8929443359375,610.5836181640625,636.1301879882812
2024-11-01,1209.6964111328125,843.120361328125,1271.1920166015625,1060.7818603515625,612.9276123046875,639.5162353515625
2024-11-04,1218.4571533203125,831.8612060546875,1256.8248291015625,1062.079833984375,612.3343505859375,638.8782348632812
2024-11-05,1218.692626953125,853.0933227539062,1276.013671875,1088.337158203125,615.1354370117188,657.9675903320312
2024-11-06,1185.015380859375,851.8316040039062,1281.5736083984375,1075.9073486328125,619.8818359375,658.8999633789062
2024-11-07,1216.7144775390625,847.6094360351562,1258.3009033203125,1055.091064453125,601.36181640625,664.5432739257812
2024-11-08,1134.005126953125,851.4432983398438,1238.7674560546875,1052.095947265625,589.1785278320312,670.7265014648438
2024-11-11,1112.2913818359375,857.1942138671875,1249.0509033203125,1059.084716796875,587.5135498046875,676.6152954101562
2024-11-12,1059.679443359375,833.8509521484375,1250.3302001953125,1057.836669921875,574.1451416015625,666.5553588867188
2024-11-13,1022.5167846679688,815.9674682617188,1233.69970703125,1035.0235595703125,558.994384765625,642.3624267578125
2024-11-14,1047.62158203125,821.5,1236.8978271484375,1015.5051879882812,552.8733520507812,632.3515625
2024-11-18,1006.0313720703125,827.4934692382812,1233.45361328125,1002.9754638671875,557.8778686523438,633.087646484375
2024-11-19,1007.7860107421875,845.5225830078125,1229.173095703125,998.5826416015625,553.29443359375,631.419189453125
2024-11-21,1019.356689453125,845.0130004882812,1230.60009765625,979.8629150390625,548.8775024414062,612.3790283203125
2024-11-22,1032.3974609375,847.1483764648438,1257.6612548828125,996.5858764648438,558.2500610351562,629.358154296875
2024-11-25,1041.02783203125,866.560546875,1280.1959228515625,1001.8772583007812,577.3966674804688,644.9141845703125
2024-11-26,1054.25830078125,866.5363159179688,1284.132080078125,1007.9674072265625,596.7000732421875,648.3492431640625
2024-11-27,1049.9432373046875,879.5181884765625,1279.9498291015625,1000.3297729492188,591.3428955078125,674.35791015625
2024-11-28,1046.1968994140625,870.224609375,1265.828857421875,991.9932250976562,596.1810302734375,685.64453125
2024-11-29,1044.0628662109375,871.6320190429688,1279.3594970703125,994.2396240234375,591.47021484375,682.7493286132812
2024-12-02,1021.1112670898438,875.8298950195312,1283.8370361328125,989.3475952148438,606.0726928710938,679.3633422851562
2024-12-03,1052.5985107421875,886.3124389648438,1287.527099609375,996.735595703125,618.0894775390625,680.5410766601562
2024-12-04,1028.8880615234375,902.7157592773438,1295.0550537109375,997.2347412109375,613.535400390625,708.1199340820312
2024-12-05,1021.2535400390625,905.457763671875,1315.1787109375,996.5858764648438,612.3601684570312,697.5692749023438
2024-12-06,1044.2525634765625,900.6531982421875,1307.552490234375,988.74853515625,612.3699340820312,689.7175903320312
2024-12-09,1050.4173583984375,907.520263671875,1301.2054443359375,981.0110473632812,608.5601806640625,684.9085083007812
2024-12-10,1023.3399658203125,906.5982055664062,1309.225341796875,982.7083129882812,624.1517944335938,685.0557861328125
2024-12-11,1027.8924560546875,904.1716918945312,1306.3223876953125,983.2573852539062,636.2469482421875,686.2825927734375
2024-12-12,1028.4140625,902.3032836914062,1308.04443359375,996.3362426757812,636.217529296875,688.8834228515625
2024-12-13,1017.507080078125,908.3695678710938,1323.44482421875,985.0545654296875,619.4605712890625,679.903076171875
2024-12-16,1015.0889282226562,905.1907958984375,1324.6256103515625,997.7339477539062,614.544189453125,671.02099609375
2024-12-17,996.1205444335938,889.6853637695312,1312.4727783203125,974.0723266601562,583.0966186523438,655.8084106445312
2024-12-18,976.4882202148438,878.74169921875,1293.1854248046875,963.6392211914062,574.184326171875,640.3013916015625
2024-12-19,971.793701171875,870.3944702148438,1266.3701171875,962.8405151367188,576.9364013671875,656.5444946289062
2024-12-20,942.0608520507812,859.7177734375,1267.8460693359375,927.947021484375,563.5777587890625,649.036376953125
2024-12-23,901.6583862304688,874.0342407226562,1276.1121826171875,944.1707153320312,564.6845092773438,637.7005004882812
2024-12-24,919.5359497070312,872.6268920898438,1276.554931640625,933.7875366210938,564.6942749023438,640.4976806640625
2024-12-26,914.7938232421875,869.0598754882812,1276.6534423828125,930.4429931640625,573.302978515625,631.8118286132812
2024-12-27,932.3395385742188,872.69970703125,1286.690673828125,951.8582763671875,567.8185424804688,632.1552734375
2024-12-30,897.8172607421875,862.82373046875,1273.9964599609375,961.9419555664062,571.7554931640625,633.2349243164062
2024-12-31,912.3754272460938,860.3729248046875,1261.203857421875,958.597412109375,565.9087524414062,627.14990234375
